section	dataset	key	value
per_telomere	HiFi	chr1_p_hap1_telo_length_kbp	4.535
per_telomere	HiFi	chr1_p_hap1_correct_kbp	4.512
per_telomere	HiFi	chr1_p_hap1_correct_frac	0.9949
per_telomere	HiFi	chr1_p_hap1_misjoin_kbp	0.023
per_telomere	HiFi	chr1_p_hap1_misjoin_frac	0.0051
per_telomere	HiFi	chr1_p_hap2_telo_length_kbp	9.286
per_telomere	HiFi	chr1_p_hap2_correct_kbp	2.377
per_telomere	HiFi	chr1_p_hap2_correct_frac	0.2560
per_telomere	HiFi	chr1_p_hap2_het_or_mismap_kbp	5.794
per_telomere	HiFi	chr1_p_hap2_het_or_mismap_frac	0.6240
per_telomere	HiFi	chr1_p_hap2_softclip_kbp	1.115
per_telomere	HiFi	chr1_p_hap2_softclip_frac	0.1201
per_telomere	HiFi	chr1_q_hap1_telo_length_kbp	5.545
per_telomere	HiFi	chr1_q_hap1_correct_kbp	5.545
per_telomere	HiFi	chr1_q_hap1_correct_frac	1.0000
per_telomere	HiFi	chr1_q_hap2_telo_length_kbp	5.011
per_telomere	HiFi	chr1_q_hap2_correct_kbp	5.011
per_telomere	HiFi	chr1_q_hap2_correct_frac	1.0000
per_telomere	HiFi	chr10_p_hap1_telo_length_kbp	9.652
per_telomere	HiFi	chr10_p_hap1_correct_kbp	5.064
per_telomere	HiFi	chr10_p_hap1_correct_frac	0.5247
per_telomere	HiFi	chr10_p_hap1_misjoin_kbp	0.004
per_telomere	HiFi	chr10_p_hap1_misjoin_frac	0.0004
per_telomere	HiFi	chr10_p_hap1_mismatch_kbp	0.725
per_telomere	HiFi	chr10_p_hap1_mismatch_frac	0.0751
per_telomere	HiFi	chr10_p_hap1_simple_repeat_kbp	3.859
per_telomere	HiFi	chr10_p_hap1_simple_repeat_frac	0.3998
per_telomere	HiFi	chr10_p_hap2_telo_length_kbp	4.392
per_telomere	HiFi	chr10_p_hap2_correct_kbp	4.389
per_telomere	HiFi	chr10_p_hap2_correct_frac	0.9993
per_telomere	HiFi	chr10_p_hap2_insertion_kbp	0.001
per_telomere	HiFi	chr10_p_hap2_insertion_frac	0.0002
per_telomere	HiFi	chr10_p_hap2_homopolymer_kbp	0.002
per_telomere	HiFi	chr10_p_hap2_homopolymer_frac	0.0005
per_telomere	HiFi	chr10_q_hap1_telo_length_kbp	11.130
per_telomere	HiFi	chr10_q_hap1_correct_kbp	6.669
per_telomere	HiFi	chr10_q_hap1_correct_frac	0.5992
per_telomere	HiFi	chr10_q_hap1_misjoin_kbp	0.002
per_telomere	HiFi	chr10_q_hap1_misjoin_frac	0.0002
per_telomere	HiFi	chr10_q_hap1_insertion_kbp	0.001
per_telomere	HiFi	chr10_q_hap1_insertion_frac	0.0001
per_telomere	HiFi	chr10_q_hap1_mismatch_kbp	0.001
per_telomere	HiFi	chr10_q_hap1_mismatch_frac	0.0001
per_telomere	HiFi	chr10_q_hap1_simple_repeat_kbp	4.457
per_telomere	HiFi	chr10_q_hap1_simple_repeat_frac	0.4004
per_telomere	HiFi	chr10_q_hap2_telo_length_kbp	7.468
per_telomere	HiFi	chr10_q_hap2_correct_kbp	6.945
per_telomere	HiFi	chr10_q_hap2_correct_frac	0.9300
per_telomere	HiFi	chr10_q_hap2_het_or_mismap_kbp	0.267
per_telomere	HiFi	chr10_q_hap2_het_or_mismap_frac	0.0358
per_telomere	HiFi	chr10_q_hap2_low_quality_kbp	0.001
per_telomere	HiFi	chr10_q_hap2_low_quality_frac	0.0001
per_telomere	HiFi	chr10_q_hap2_deletion_kbp	0.249
per_telomere	HiFi	chr10_q_hap2_deletion_frac	0.0333
per_telomere	HiFi	chr10_q_hap2_insertion_kbp	0.002
per_telomere	HiFi	chr10_q_hap2_insertion_frac	0.0003
per_telomere	HiFi	chr10_q_hap2_simple_repeat_kbp	0.004
per_telomere	HiFi	chr10_q_hap2_simple_repeat_frac	0.0005
per_telomere	HiFi	chr11_p_hap1_telo_length_kbp	4.368
per_telomere	HiFi	chr11_p_hap1_correct_kbp	4.368
per_telomere	HiFi	chr11_p_hap1_correct_frac	1.0000
per_telomere	HiFi	chr11_p_hap2_telo_length_kbp	6.283
per_telomere	HiFi	chr11_p_hap2_correct_kbp	6.282
per_telomere	HiFi	chr11_p_hap2_correct_frac	0.9998
per_telomere	HiFi	chr11_p_hap2_softclip_kbp	0.001
per_telomere	HiFi	chr11_p_hap2_softclip_frac	0.0002
per_telomere	HiFi	chr11_q_hap1_telo_length_kbp	6.055
per_telomere	HiFi	chr11_q_hap1_correct_kbp	5.047
per_telomere	HiFi	chr11_q_hap1_correct_frac	0.8335
per_telomere	HiFi	chr11_q_hap1_insertion_kbp	1.008
per_telomere	HiFi	chr11_q_hap1_insertion_frac	0.1665
per_telomere	HiFi	chr11_q_hap2_telo_length_kbp	1.862
per_telomere	HiFi	chr11_q_hap2_correct_kbp	1.832
per_telomere	HiFi	chr11_q_hap2_correct_frac	0.9839
per_telomere	HiFi	chr11_q_hap2_misjoin_kbp	0.029
per_telomere	HiFi	chr11_q_hap2_misjoin_frac	0.0156
per_telomere	HiFi	chr11_q_hap2_low_quality_kbp	0.001
per_telomere	HiFi	chr11_q_hap2_low_quality_frac	0.0005
per_telomere	HiFi	chr12_p_hap1_telo_length_kbp	14.037
per_telomere	HiFi	chr12_p_hap1_correct_kbp	5.534
per_telomere	HiFi	chr12_p_hap1_correct_frac	0.3942
per_telomere	HiFi	chr12_p_hap1_misjoin_kbp	0.060
per_telomere	HiFi	chr12_p_hap1_misjoin_frac	0.0043
per_telomere	HiFi	chr12_p_hap1_mismatch_kbp	0.519
per_telomere	HiFi	chr12_p_hap1_mismatch_frac	0.0370
per_telomere	HiFi	chr12_p_hap1_simple_repeat_kbp	7.924
per_telomere	HiFi	chr12_p_hap1_simple_repeat_frac	0.5645
per_telomere	HiFi	chr12_p_hap2_telo_length_kbp	3.991
per_telomere	HiFi	chr12_p_hap2_correct_kbp	3.190
per_telomere	HiFi	chr12_p_hap2_correct_frac	0.7993
per_telomere	HiFi	chr12_p_hap2_het_or_mismap_kbp	0.017
per_telomere	HiFi	chr12_p_hap2_het_or_mismap_frac	0.0043
per_telomere	HiFi	chr12_p_hap2_deletion_kbp	0.783
per_telomere	HiFi	chr12_p_hap2_deletion_frac	0.1962
per_telomere	HiFi	chr12_p_hap2_homopolymer_kbp	0.001
per_telomere	HiFi	chr12_p_hap2_homopolymer_frac	0.0003
per_telomere	HiFi	chr12_q_hap1_telo_length_kbp	15.891
per_telomere	HiFi	chr12_q_hap1_correct_kbp	0.012
per_telomere	HiFi	chr12_q_hap1_correct_frac	0.0008
per_telomere	HiFi	chr12_q_hap1_simple_repeat_kbp	15.879
per_telomere	HiFi	chr12_q_hap1_simple_repeat_frac	0.9992
per_telomere	HiFi	chr12_q_hap2_telo_length_kbp	4.481
per_telomere	HiFi	chr12_q_hap2_correct_kbp	4.479
per_telomere	HiFi	chr12_q_hap2_correct_frac	0.9996
per_telomere	HiFi	chr12_q_hap2_het_or_mismap_kbp	0.001
per_telomere	HiFi	chr12_q_hap2_het_or_mismap_frac	0.0002
per_telomere	HiFi	chr12_q_hap2_deletion_kbp	0.001
per_telomere	HiFi	chr12_q_hap2_deletion_frac	0.0002
per_telomere	HiFi	chr13_p_hap1_telo_length_kbp	10.985
per_telomere	HiFi	chr13_p_hap1_correct_kbp	1.385
per_telomere	HiFi	chr13_p_hap1_correct_frac	0.1261
per_telomere	HiFi	chr13_p_hap1_simple_repeat_kbp	9.600
per_telomere	HiFi	chr13_p_hap1_simple_repeat_frac	0.8739
per_telomere	HiFi	chr13_p_hap2_telo_length_kbp	22.214
per_telomere	HiFi	chr13_p_hap2_correct_kbp	1.114
per_telomere	HiFi	chr13_p_hap2_correct_frac	0.0501
per_telomere	HiFi	chr13_p_hap2_misjoin_kbp	0.093
per_telomere	HiFi	chr13_p_hap2_misjoin_frac	0.0042
per_telomere	HiFi	chr13_p_hap2_insertion_kbp	0.015
per_telomere	HiFi	chr13_p_hap2_insertion_frac	0.0007
per_telomere	HiFi	chr13_p_hap2_mismatch_kbp	0.166
per_telomere	HiFi	chr13_p_hap2_mismatch_frac	0.0075
per_telomere	HiFi	chr13_p_hap2_simple_repeat_kbp	20.826
per_telomere	HiFi	chr13_p_hap2_simple_repeat_frac	0.9375
per_telomere	HiFi	chr13_q_hap1_telo_length_kbp	7.818
per_telomere	HiFi	chr13_q_hap1_correct_kbp	2.144
per_telomere	HiFi	chr13_q_hap1_correct_frac	0.2742
per_telomere	HiFi	chr13_q_hap1_misjoin_kbp	3.456
per_telomere	HiFi	chr13_q_hap1_misjoin_frac	0.4421
per_telomere	HiFi	chr13_q_hap1_het_or_mismap_kbp	2.214
per_telomere	HiFi	chr13_q_hap1_het_or_mismap_frac	0.2832
per_telomere	HiFi	chr13_q_hap1_insertion_kbp	0.001
per_telomere	HiFi	chr13_q_hap1_insertion_frac	0.0001
per_telomere	HiFi	chr13_q_hap1_mismatch_kbp	0.003
per_telomere	HiFi	chr13_q_hap1_mismatch_frac	0.0004
per_telomere	HiFi	chr13_q_hap2_telo_length_kbp	11.981
per_telomere	HiFi	chr13_q_hap2_correct_kbp	4.205
per_telomere	HiFi	chr13_q_hap2_correct_frac	0.3510
per_telomere	HiFi	chr13_q_hap2_het_or_mismap_kbp	0.780
per_telomere	HiFi	chr13_q_hap2_het_or_mismap_frac	0.0651
per_telomere	HiFi	chr13_q_hap2_low_quality_kbp	0.001
per_telomere	HiFi	chr13_q_hap2_low_quality_frac	0.0001
per_telomere	HiFi	chr13_q_hap2_deletion_kbp	0.012
per_telomere	HiFi	chr13_q_hap2_deletion_frac	0.0010
per_telomere	HiFi	chr13_q_hap2_simple_repeat_kbp	6.983
per_telomere	HiFi	chr13_q_hap2_simple_repeat_frac	0.5828
per_telomere	HiFi	chr14_p_hap1_telo_length_kbp	0.758
per_telomere	HiFi	chr14_p_hap1_correct_kbp	0.758
per_telomere	HiFi	chr14_p_hap1_correct_frac	1.0000
per_telomere	HiFi	chr14_p_hap2_telo_length_kbp	12.532
per_telomere	HiFi	chr14_p_hap2_correct_kbp	0.394
per_telomere	HiFi	chr14_p_hap2_correct_frac	0.0314
per_telomere	HiFi	chr14_p_hap2_simple_repeat_kbp	12.138
per_telomere	HiFi	chr14_p_hap2_simple_repeat_frac	0.9686
per_telomere	HiFi	chr14_q_hap1_telo_length_kbp	4.698
per_telomere	HiFi	chr14_q_hap1_correct_kbp	1.838
per_telomere	HiFi	chr14_q_hap1_correct_frac	0.3912
per_telomere	HiFi	chr14_q_hap1_deletion_kbp	2.761
per_telomere	HiFi	chr14_q_hap1_deletion_frac	0.5877
per_telomere	HiFi	chr14_q_hap1_simple_repeat_kbp	0.099
per_telomere	HiFi	chr14_q_hap1_simple_repeat_frac	0.0211
per_telomere	HiFi	chr14_q_hap2_telo_length_kbp	11.440
per_telomere	HiFi	chr14_q_hap2_correct_kbp	4.235
per_telomere	HiFi	chr14_q_hap2_correct_frac	0.3702
per_telomere	HiFi	chr14_q_hap2_misjoin_kbp	0.004
per_telomere	HiFi	chr14_q_hap2_misjoin_frac	0.0003
per_telomere	HiFi	chr14_q_hap2_insertion_kbp	0.015
per_telomere	HiFi	chr14_q_hap2_insertion_frac	0.0013
per_telomere	HiFi	chr14_q_hap2_mismatch_kbp	3.135
per_telomere	HiFi	chr14_q_hap2_mismatch_frac	0.2740
per_telomere	HiFi	chr14_q_hap2_homopolymer_kbp	0.001
per_telomere	HiFi	chr14_q_hap2_homopolymer_frac	0.0001
per_telomere	HiFi	chr14_q_hap2_simple_repeat_kbp	4.050
per_telomere	HiFi	chr14_q_hap2_simple_repeat_frac	0.3540
per_telomere	HiFi	chr15_p_hap1_telo_length_kbp	16.956
per_telomere	HiFi	chr15_p_hap1_correct_kbp	2.063
per_telomere	HiFi	chr15_p_hap1_correct_frac	0.1217
per_telomere	HiFi	chr15_p_hap1_misjoin_kbp	0.006
per_telomere	HiFi	chr15_p_hap1_misjoin_frac	0.0004
per_telomere	HiFi	chr15_p_hap1_het_or_mismap_kbp	0.001
per_telomere	HiFi	chr15_p_hap1_het_or_mismap_frac	0.0001
per_telomere	HiFi	chr15_p_hap1_low_quality_kbp	2.233
per_telomere	HiFi	chr15_p_hap1_low_quality_frac	0.1317
per_telomere	HiFi	chr15_p_hap1_mismatch_kbp	0.080
per_telomere	HiFi	chr15_p_hap1_mismatch_frac	0.0047
per_telomere	HiFi	chr15_p_hap1_softclip_kbp	0.001
per_telomere	HiFi	chr15_p_hap1_softclip_frac	0.0001
per_telomere	HiFi	chr15_p_hap1_simple_repeat_kbp	12.572
per_telomere	HiFi	chr15_p_hap1_simple_repeat_frac	0.7414
per_telomere	HiFi	chr15_p_hap2_telo_length_kbp	12.010
per_telomere	HiFi	chr15_p_hap2_correct_kbp	5.778
per_telomere	HiFi	chr15_p_hap2_correct_frac	0.4811
per_telomere	HiFi	chr15_p_hap2_misjoin_kbp	0.970
per_telomere	HiFi	chr15_p_hap2_misjoin_frac	0.0808
per_telomere	HiFi	chr15_p_hap2_mismatch_kbp	1.225
per_telomere	HiFi	chr15_p_hap2_mismatch_frac	0.1020
per_telomere	HiFi	chr15_p_hap2_simple_repeat_kbp	4.037
per_telomere	HiFi	chr15_p_hap2_simple_repeat_frac	0.3361
per_telomere	HiFi	chr15_q_hap1_telo_length_kbp	11.853
per_telomere	HiFi	chr15_q_hap1_correct_kbp	3.986
per_telomere	HiFi	chr15_q_hap1_correct_frac	0.3363
per_telomere	HiFi	chr15_q_hap1_misjoin_kbp	0.002
per_telomere	HiFi	chr15_q_hap1_misjoin_frac	0.0002
per_telomere	HiFi	chr15_q_hap1_mismatch_kbp	0.247
per_telomere	HiFi	chr15_q_hap1_mismatch_frac	0.0208
per_telomere	HiFi	chr15_q_hap1_simple_repeat_kbp	7.618
per_telomere	HiFi	chr15_q_hap1_simple_repeat_frac	0.6427
per_telomere	HiFi	chr15_q_hap2_telo_length_kbp	17.689
per_telomere	HiFi	chr15_q_hap2_correct_kbp	3.426
per_telomere	HiFi	chr15_q_hap2_correct_frac	0.1937
per_telomere	HiFi	chr15_q_hap2_misjoin_kbp	0.002
per_telomere	HiFi	chr15_q_hap2_misjoin_frac	0.0001
per_telomere	HiFi	chr15_q_hap2_het_or_mismap_kbp	0.002
per_telomere	HiFi	chr15_q_hap2_het_or_mismap_frac	0.0001
per_telomere	HiFi	chr15_q_hap2_low_quality_kbp	0.001
per_telomere	HiFi	chr15_q_hap2_low_quality_frac	0.0001
per_telomere	HiFi	chr15_q_hap2_deletion_kbp	0.602
per_telomere	HiFi	chr15_q_hap2_deletion_frac	0.0340
per_telomere	HiFi	chr15_q_hap2_mismatch_kbp	0.006
per_telomere	HiFi	chr15_q_hap2_mismatch_frac	0.0003
per_telomere	HiFi	chr15_q_hap2_softclip_kbp	0.001
per_telomere	HiFi	chr15_q_hap2_softclip_frac	0.0001
per_telomere	HiFi	chr15_q_hap2_simple_repeat_kbp	13.649
per_telomere	HiFi	chr15_q_hap2_simple_repeat_frac	0.7716
per_telomere	HiFi	chr16_p_hap1_telo_length_kbp	13.884
per_telomere	HiFi	chr16_p_hap1_correct_kbp	5.009
per_telomere	HiFi	chr16_p_hap1_correct_frac	0.3608
per_telomere	HiFi	chr16_p_hap1_misjoin_kbp	0.006
per_telomere	HiFi	chr16_p_hap1_misjoin_frac	0.0004
per_telomere	HiFi	chr16_p_hap1_mismatch_kbp	0.559
per_telomere	HiFi	chr16_p_hap1_mismatch_frac	0.0403
per_telomere	HiFi	chr16_p_hap1_simple_repeat_kbp	8.310
per_telomere	HiFi	chr16_p_hap1_simple_repeat_frac	0.5985
per_telomere	HiFi	chr16_p_hap2_telo_length_kbp	4.599
per_telomere	HiFi	chr16_p_hap2_correct_kbp	4.570
per_telomere	HiFi	chr16_p_hap2_correct_frac	0.9937
per_telomere	HiFi	chr16_p_hap2_het_or_mismap_kbp	0.029
per_telomere	HiFi	chr16_p_hap2_het_or_mismap_frac	0.0063
per_telomere	HiFi	chr16_q_hap1_telo_length_kbp	10.992
per_telomere	HiFi	chr16_q_hap1_correct_kbp	5.424
per_telomere	HiFi	chr16_q_hap1_correct_frac	0.4934
per_telomere	HiFi	chr16_q_hap1_misjoin_kbp	0.006
per_telomere	HiFi	chr16_q_hap1_misjoin_frac	0.0005
per_telomere	HiFi	chr16_q_hap1_insertion_kbp	0.469
per_telomere	HiFi	chr16_q_hap1_insertion_frac	0.0427
per_telomere	HiFi	chr16_q_hap1_mismatch_kbp	0.319
per_telomere	HiFi	chr16_q_hap1_mismatch_frac	0.0290
per_telomere	HiFi	chr16_q_hap1_homopolymer_kbp	0.002
per_telomere	HiFi	chr16_q_hap1_homopolymer_frac	0.0002
per_telomere	HiFi	chr16_q_hap1_simple_repeat_kbp	4.772
per_telomere	HiFi	chr16_q_hap1_simple_repeat_frac	0.4341
per_telomere	HiFi	chr16_q_hap2_telo_length_kbp	5.473
per_telomere	HiFi	chr16_q_hap2_correct_kbp	5.473
per_telomere	HiFi	chr16_q_hap2_correct_frac	1.0000
per_telomere	HiFi	chr17_p_hap1_telo_length_kbp	4.853
per_telomere	HiFi	chr17_p_hap1_correct_kbp	4.846
per_telomere	HiFi	chr17_p_hap1_correct_frac	0.9986
per_telomere	HiFi	chr17_p_hap1_het_or_mismap_kbp	0.007
per_telomere	HiFi	chr17_p_hap1_het_or_mismap_frac	0.0014
per_telomere	HiFi	chr17_p_hap2_telo_length_kbp	6.145
per_telomere	HiFi	chr17_p_hap2_correct_kbp	6.144
per_telomere	HiFi	chr17_p_hap2_correct_frac	0.9998
per_telomere	HiFi	chr17_p_hap2_insertion_kbp	0.001
per_telomere	HiFi	chr17_p_hap2_insertion_frac	0.0002
per_telomere	HiFi	chr17_q_hap1_telo_length_kbp	5.670
per_telomere	HiFi	chr17_q_hap1_correct_kbp	4.681
per_telomere	HiFi	chr17_q_hap1_correct_frac	0.8256
per_telomere	HiFi	chr17_q_hap1_deletion_kbp	0.984
per_telomere	HiFi	chr17_q_hap1_deletion_frac	0.1735
per_telomere	HiFi	chr17_q_hap1_homopolymer_kbp	0.002
per_telomere	HiFi	chr17_q_hap1_homopolymer_frac	0.0004
per_telomere	HiFi	chr17_q_hap1_simple_repeat_kbp	0.003
per_telomere	HiFi	chr17_q_hap1_simple_repeat_frac	0.0005
per_telomere	HiFi	chr17_q_hap2_telo_length_kbp	7.037
per_telomere	HiFi	chr17_q_hap2_correct_kbp	7.037
per_telomere	HiFi	chr17_q_hap2_correct_frac	1.0000
per_telomere	HiFi	chr18_p_hap1_telo_length_kbp	1.570
per_telomere	HiFi	chr18_p_hap1_correct_kbp	1.570
per_telomere	HiFi	chr18_p_hap1_correct_frac	1.0000
per_telomere	HiFi	chr18_p_hap2_telo_length_kbp	6.053
per_telomere	HiFi	chr18_p_hap2_correct_kbp	6.006
per_telomere	HiFi	chr18_p_hap2_correct_frac	0.9922
per_telomere	HiFi	chr18_p_hap2_low_quality_kbp	0.045
per_telomere	HiFi	chr18_p_hap2_low_quality_frac	0.0074
per_telomere	HiFi	chr18_p_hap2_homopolymer_kbp	0.002
per_telomere	HiFi	chr18_p_hap2_homopolymer_frac	0.0003
per_telomere	HiFi	chr18_q_hap1_telo_length_kbp	2.073
per_telomere	HiFi	chr18_q_hap1_correct_kbp	1.552
per_telomere	HiFi	chr18_q_hap1_correct_frac	0.7487
per_telomere	HiFi	chr18_q_hap1_het_or_mismap_kbp	0.001
per_telomere	HiFi	chr18_q_hap1_het_or_mismap_frac	0.0005
per_telomere	HiFi	chr18_q_hap1_low_quality_kbp	0.001
per_telomere	HiFi	chr18_q_hap1_low_quality_frac	0.0005
per_telomere	HiFi	chr18_q_hap1_deletion_kbp	0.001
per_telomere	HiFi	chr18_q_hap1_deletion_frac	0.0005
per_telomere	HiFi	chr18_q_hap1_insertion_kbp	0.001
per_telomere	HiFi	chr18_q_hap1_insertion_frac	0.0005
per_telomere	HiFi	chr18_q_hap1_mismatch_kbp	0.003
per_telomere	HiFi	chr18_q_hap1_mismatch_frac	0.0014
per_telomere	HiFi	chr18_q_hap1_softclip_kbp	0.514
per_telomere	HiFi	chr18_q_hap1_softclip_frac	0.2479
per_telomere	HiFi	chr18_q_hap2_telo_length_kbp	2.796
per_telomere	HiFi	chr18_q_hap2_correct_kbp	2.794
per_telomere	HiFi	chr18_q_hap2_correct_frac	0.9993
per_telomere	HiFi	chr18_q_hap2_low_quality_kbp	0.001
per_telomere	HiFi	chr18_q_hap2_low_quality_frac	0.0004
per_telomere	HiFi	chr18_q_hap2_softclip_kbp	0.001
per_telomere	HiFi	chr18_q_hap2_softclip_frac	0.0004
per_telomere	HiFi	chr19_p_hap1_telo_length_kbp	4.772
per_telomere	HiFi	chr19_p_hap1_correct_kbp	4.339
per_telomere	HiFi	chr19_p_hap1_correct_frac	0.9093
per_telomere	HiFi	chr19_p_hap1_het_or_mismap_kbp	0.146
per_telomere	HiFi	chr19_p_hap1_het_or_mismap_frac	0.0306
per_telomere	HiFi	chr19_p_hap1_deletion_kbp	0.002
per_telomere	HiFi	chr19_p_hap1_deletion_frac	0.0004
per_telomere	HiFi	chr19_p_hap1_softclip_kbp	0.285
per_telomere	HiFi	chr19_p_hap1_softclip_frac	0.0597
per_telomere	HiFi	chr19_p_hap2_telo_length_kbp	7.242
per_telomere	HiFi	chr19_p_hap2_correct_kbp	2.921
per_telomere	HiFi	chr19_p_hap2_correct_frac	0.4033
per_telomere	HiFi	chr19_p_hap2_het_or_mismap_kbp	4.316
per_telomere	HiFi	chr19_p_hap2_het_or_mismap_frac	0.5960
per_telomere	HiFi	chr19_p_hap2_deletion_kbp	0.002
per_telomere	HiFi	chr19_p_hap2_deletion_frac	0.0003
per_telomere	HiFi	chr19_p_hap2_homopolymer_kbp	0.003
per_telomere	HiFi	chr19_p_hap2_homopolymer_frac	0.0004
per_telomere	HiFi	chr19_q_hap1_telo_length_kbp	5.335
per_telomere	HiFi	chr19_q_hap1_correct_kbp	5.332
per_telomere	HiFi	chr19_q_hap1_correct_frac	0.9994
per_telomere	HiFi	chr19_q_hap1_low_quality_kbp	0.001
per_telomere	HiFi	chr19_q_hap1_low_quality_frac	0.0002
per_telomere	HiFi	chr19_q_hap1_insertion_kbp	0.001
per_telomere	HiFi	chr19_q_hap1_insertion_frac	0.0002
per_telomere	HiFi	chr19_q_hap1_softclip_kbp	0.001
per_telomere	HiFi	chr19_q_hap1_softclip_frac	0.0002
per_telomere	HiFi	chr19_q_hap2_telo_length_kbp	4.374
per_telomere	HiFi	chr19_q_hap2_correct_kbp	4.105
per_telomere	HiFi	chr19_q_hap2_correct_frac	0.9385
per_telomere	HiFi	chr19_q_hap2_het_or_mismap_kbp	0.001
per_telomere	HiFi	chr19_q_hap2_het_or_mismap_frac	0.0002
per_telomere	HiFi	chr19_q_hap2_low_quality_kbp	0.001
per_telomere	HiFi	chr19_q_hap2_low_quality_frac	0.0002
per_telomere	HiFi	chr19_q_hap2_mismatch_kbp	0.012
per_telomere	HiFi	chr19_q_hap2_mismatch_frac	0.0027
per_telomere	HiFi	chr19_q_hap2_softclip_kbp	0.255
per_telomere	HiFi	chr19_q_hap2_softclip_frac	0.0583
per_telomere	HiFi	chr2_p_hap1_telo_length_kbp	9.719
per_telomere	HiFi	chr2_p_hap1_correct_kbp	2.544
per_telomere	HiFi	chr2_p_hap1_correct_frac	0.2618
per_telomere	HiFi	chr2_p_hap1_insertion_kbp	0.001
per_telomere	HiFi	chr2_p_hap1_insertion_frac	0.0001
per_telomere	HiFi	chr2_p_hap1_simple_repeat_kbp	7.174
per_telomere	HiFi	chr2_p_hap1_simple_repeat_frac	0.7381
per_telomere	HiFi	chr2_p_hap2_telo_length_kbp	7.648
per_telomere	HiFi	chr2_p_hap2_correct_kbp	2.187
per_telomere	HiFi	chr2_p_hap2_correct_frac	0.2860
per_telomere	HiFi	chr2_p_hap2_het_or_mismap_kbp	2.580
per_telomere	HiFi	chr2_p_hap2_het_or_mismap_frac	0.3373
per_telomere	HiFi	chr2_p_hap2_deletion_kbp	0.106
per_telomere	HiFi	chr2_p_hap2_deletion_frac	0.0139
per_telomere	HiFi	chr2_p_hap2_mismatch_kbp	0.003
per_telomere	HiFi	chr2_p_hap2_mismatch_frac	0.0004
per_telomere	HiFi	chr2_p_hap2_simple_repeat_kbp	2.772
per_telomere	HiFi	chr2_p_hap2_simple_repeat_frac	0.3624
per_telomere	HiFi	chr2_q_hap1_telo_length_kbp	11.827
per_telomere	HiFi	chr2_q_hap1_correct_kbp	2.429
per_telomere	HiFi	chr2_q_hap1_correct_frac	0.2054
per_telomere	HiFi	chr2_q_hap1_misjoin_kbp	0.003
per_telomere	HiFi	chr2_q_hap1_misjoin_frac	0.0003
per_telomere	HiFi	chr2_q_hap1_het_or_mismap_kbp	0.765
per_telomere	HiFi	chr2_q_hap1_het_or_mismap_frac	0.0647
per_telomere	HiFi	chr2_q_hap1_deletion_kbp	0.330
per_telomere	HiFi	chr2_q_hap1_deletion_frac	0.0279
per_telomere	HiFi	chr2_q_hap1_mismatch_kbp	0.074
per_telomere	HiFi	chr2_q_hap1_mismatch_frac	0.0063
per_telomere	HiFi	chr2_q_hap1_softclip_kbp	0.001
per_telomere	HiFi	chr2_q_hap1_softclip_frac	0.0001
per_telomere	HiFi	chr2_q_hap1_simple_repeat_kbp	8.225
per_telomere	HiFi	chr2_q_hap1_simple_repeat_frac	0.6954
per_telomere	HiFi	chr2_q_hap2_telo_length_kbp	14.862
per_telomere	HiFi	chr2_q_hap2_correct_kbp	4.204
per_telomere	HiFi	chr2_q_hap2_correct_frac	0.2829
per_telomere	HiFi	chr2_q_hap2_misjoin_kbp	0.013
per_telomere	HiFi	chr2_q_hap2_misjoin_frac	0.0009
per_telomere	HiFi	chr2_q_hap2_het_or_mismap_kbp	0.023
per_telomere	HiFi	chr2_q_hap2_het_or_mismap_frac	0.0015
per_telomere	HiFi	chr2_q_hap2_insertion_kbp	0.429
per_telomere	HiFi	chr2_q_hap2_insertion_frac	0.0289
per_telomere	HiFi	chr2_q_hap2_mismatch_kbp	0.016
per_telomere	HiFi	chr2_q_hap2_mismatch_frac	0.0011
per_telomere	HiFi	chr2_q_hap2_softclip_kbp	0.001
per_telomere	HiFi	chr2_q_hap2_softclip_frac	0.0001
per_telomere	HiFi	chr2_q_hap2_simple_repeat_kbp	10.176
per_telomere	HiFi	chr2_q_hap2_simple_repeat_frac	0.6847
per_telomere	HiFi	chr20_p_hap1_telo_length_kbp	1.100
per_telomere	HiFi	chr20_p_hap1_correct_kbp	1.100
per_telomere	HiFi	chr20_p_hap1_correct_frac	1.0000
per_telomere	HiFi	chr20_p_hap2_telo_length_kbp	4.496
per_telomere	HiFi	chr20_p_hap2_correct_kbp	4.482
per_telomere	HiFi	chr20_p_hap2_correct_frac	0.9969
per_telomere	HiFi	chr20_p_hap2_het_or_mismap_kbp	0.001
per_telomere	HiFi	chr20_p_hap2_het_or_mismap_frac	0.0002
per_telomere	HiFi	chr20_p_hap2_low_quality_kbp	0.001
per_telomere	HiFi	chr20_p_hap2_low_quality_frac	0.0002
per_telomere	HiFi	chr20_p_hap2_mismatch_kbp	0.001
per_telomere	HiFi	chr20_p_hap2_mismatch_frac	0.0002
per_telomere	HiFi	chr20_p_hap2_homopolymer_kbp	0.006
per_telomere	HiFi	chr20_p_hap2_homopolymer_frac	0.0013
per_telomere	HiFi	chr20_p_hap2_simple_repeat_kbp	0.005
per_telomere	HiFi	chr20_p_hap2_simple_repeat_frac	0.0011
per_telomere	HiFi	chr20_q_hap1_telo_length_kbp	6.020
per_telomere	HiFi	chr20_q_hap1_correct_kbp	5.517
per_telomere	HiFi	chr20_q_hap1_correct_frac	0.9164
per_telomere	HiFi	chr20_q_hap1_het_or_mismap_kbp	0.385
per_telomere	HiFi	chr20_q_hap1_het_or_mismap_frac	0.0640
per_telomere	HiFi	chr20_q_hap1_deletion_kbp	0.078
per_telomere	HiFi	chr20_q_hap1_deletion_frac	0.0130
per_telomere	HiFi	chr20_q_hap1_insertion_kbp	0.026
per_telomere	HiFi	chr20_q_hap1_insertion_frac	0.0043
per_telomere	HiFi	chr20_q_hap1_softclip_kbp	0.001
per_telomere	HiFi	chr20_q_hap1_softclip_frac	0.0002
per_telomere	HiFi	chr20_q_hap1_homopolymer_kbp	0.003
per_telomere	HiFi	chr20_q_hap1_homopolymer_frac	0.0005
per_telomere	HiFi	chr20_q_hap1_simple_repeat_kbp	0.010
per_telomere	HiFi	chr20_q_hap1_simple_repeat_frac	0.0017
per_telomere	HiFi	chr20_q_hap2_telo_length_kbp	5.930
per_telomere	HiFi	chr20_q_hap2_correct_kbp	5.923
per_telomere	HiFi	chr20_q_hap2_correct_frac	0.9988
per_telomere	HiFi	chr20_q_hap2_het_or_mismap_kbp	0.001
per_telomere	HiFi	chr20_q_hap2_het_or_mismap_frac	0.0002
per_telomere	HiFi	chr20_q_hap2_insertion_kbp	0.001
per_telomere	HiFi	chr20_q_hap2_insertion_frac	0.0002
per_telomere	HiFi	chr20_q_hap2_simple_repeat_kbp	0.005
per_telomere	HiFi	chr20_q_hap2_simple_repeat_frac	0.0008
per_telomere	HiFi	chr21_p_hap1_telo_length_kbp	19.222
per_telomere	HiFi	chr21_p_hap1_simple_repeat_kbp	19.222
per_telomere	HiFi	chr21_p_hap1_simple_repeat_frac	1.0000
per_telomere	HiFi	chr21_p_hap2_telo_length_kbp	13.864
per_telomere	HiFi	chr21_p_hap2_simple_repeat_kbp	13.864
per_telomere	HiFi	chr21_p_hap2_simple_repeat_frac	1.0000
per_telomere	HiFi	chr21_q_hap1_telo_length_kbp	9.939
per_telomere	HiFi	chr21_q_hap1_correct_kbp	5.313
per_telomere	HiFi	chr21_q_hap1_correct_frac	0.5346
per_telomere	HiFi	chr21_q_hap1_misjoin_kbp	0.373
per_telomere	HiFi	chr21_q_hap1_misjoin_frac	0.0375
per_telomere	HiFi	chr21_q_hap1_mismatch_kbp	0.148
per_telomere	HiFi	chr21_q_hap1_mismatch_frac	0.0149
per_telomere	HiFi	chr21_q_hap1_simple_repeat_kbp	4.105
per_telomere	HiFi	chr21_q_hap1_simple_repeat_frac	0.4130
per_telomere	HiFi	chr21_q_hap2_telo_length_kbp	7.907
per_telomere	HiFi	chr21_q_hap2_correct_kbp	1.001
per_telomere	HiFi	chr21_q_hap2_correct_frac	0.1266
per_telomere	HiFi	chr21_q_hap2_mismatch_kbp	0.071
per_telomere	HiFi	chr21_q_hap2_mismatch_frac	0.0090
per_telomere	HiFi	chr21_q_hap2_simple_repeat_kbp	6.835
per_telomere	HiFi	chr21_q_hap2_simple_repeat_frac	0.8644
per_telomere	HiFi	chr22_p_hap1_telo_length_kbp	13.575
per_telomere	HiFi	chr22_p_hap1_correct_kbp	0.457
per_telomere	HiFi	chr22_p_hap1_correct_frac	0.0337
per_telomere	HiFi	chr22_p_hap1_misjoin_kbp	0.002
per_telomere	HiFi	chr22_p_hap1_misjoin_frac	0.0001
per_telomere	HiFi	chr22_p_hap1_insertion_kbp	0.002
per_telomere	HiFi	chr22_p_hap1_insertion_frac	0.0001
per_telomere	HiFi	chr22_p_hap1_mismatch_kbp	0.023
per_telomere	HiFi	chr22_p_hap1_mismatch_frac	0.0017
per_telomere	HiFi	chr22_p_hap1_softclip_kbp	0.001
per_telomere	HiFi	chr22_p_hap1_softclip_frac	0.0001
per_telomere	HiFi	chr22_p_hap1_simple_repeat_kbp	13.090
per_telomere	HiFi	chr22_p_hap1_simple_repeat_frac	0.9643
per_telomere	HiFi	chr22_q_hap1_telo_length_kbp	11.347
per_telomere	HiFi	chr22_q_hap1_correct_kbp	0.179
per_telomere	HiFi	chr22_q_hap1_correct_frac	0.0158
per_telomere	HiFi	chr22_q_hap1_misjoin_kbp	0.054
per_telomere	HiFi	chr22_q_hap1_misjoin_frac	0.0048
per_telomere	HiFi	chr22_q_hap1_mismatch_kbp	0.429
per_telomere	HiFi	chr22_q_hap1_mismatch_frac	0.0378
per_telomere	HiFi	chr22_q_hap1_simple_repeat_kbp	10.685
per_telomere	HiFi	chr22_q_hap1_simple_repeat_frac	0.9417
per_telomere	HiFi	chr22_q_hap2_telo_length_kbp	13.226
per_telomere	HiFi	chr22_q_hap2_correct_kbp	3.621
per_telomere	HiFi	chr22_q_hap2_correct_frac	0.2738
per_telomere	HiFi	chr22_q_hap2_misjoin_kbp	0.028
per_telomere	HiFi	chr22_q_hap2_misjoin_frac	0.0021
per_telomere	HiFi	chr22_q_hap2_insertion_kbp	0.003
per_telomere	HiFi	chr22_q_hap2_insertion_frac	0.0002
per_telomere	HiFi	chr22_q_hap2_mismatch_kbp	2.101
per_telomere	HiFi	chr22_q_hap2_mismatch_frac	0.1589
per_telomere	HiFi	chr22_q_hap2_simple_repeat_kbp	7.473
per_telomere	HiFi	chr22_q_hap2_simple_repeat_frac	0.5650
per_telomere	HiFi	chr3_p_hap1_telo_length_kbp	3.305
per_telomere	HiFi	chr3_p_hap1_correct_kbp	2.119
per_telomere	HiFi	chr3_p_hap1_correct_frac	0.6411
per_telomere	HiFi	chr3_p_hap1_deletion_kbp	1.183
per_telomere	HiFi	chr3_p_hap1_deletion_frac	0.3579
per_telomere	HiFi	chr3_p_hap1_mismatch_kbp	0.003
per_telomere	HiFi	chr3_p_hap1_mismatch_frac	0.0009
per_telomere	HiFi	chr3_p_hap2_telo_length_kbp	2.869
per_telomere	HiFi	chr3_p_hap2_correct_kbp	2.869
per_telomere	HiFi	chr3_p_hap2_correct_frac	1.0000
per_telomere	HiFi	chr3_q_hap1_telo_length_kbp	4.361
per_telomere	HiFi	chr3_q_hap1_correct_kbp	4.361
per_telomere	HiFi	chr3_q_hap1_correct_frac	1.0000
per_telomere	HiFi	chr3_q_hap2_telo_length_kbp	2.127
per_telomere	HiFi	chr3_q_hap2_correct_kbp	2.127
per_telomere	HiFi	chr3_q_hap2_correct_frac	1.0000
per_telomere	HiFi	chr4_p_hap1_telo_length_kbp	8.541
per_telomere	HiFi	chr4_p_hap1_correct_kbp	2.309
per_telomere	HiFi	chr4_p_hap1_correct_frac	0.2703
per_telomere	HiFi	chr4_p_hap1_mismatch_kbp	2.324
per_telomere	HiFi	chr4_p_hap1_mismatch_frac	0.2721
per_telomere	HiFi	chr4_p_hap1_softclip_kbp	0.001
per_telomere	HiFi	chr4_p_hap1_softclip_frac	0.0001
per_telomere	HiFi	chr4_p_hap1_simple_repeat_kbp	3.907
per_telomere	HiFi	chr4_p_hap1_simple_repeat_frac	0.4574
per_telomere	HiFi	chr4_p_hap2_telo_length_kbp	9.196
per_telomere	HiFi	chr4_p_hap2_correct_kbp	9.196
per_telomere	HiFi	chr4_p_hap2_correct_frac	1.0000
per_telomere	HiFi	chr4_q_hap1_telo_length_kbp	10.835
per_telomere	HiFi	chr4_q_hap1_simple_repeat_kbp	10.835
per_telomere	HiFi	chr4_q_hap1_simple_repeat_frac	1.0000
per_telomere	HiFi	chr4_q_hap2_telo_length_kbp	2.253
per_telomere	HiFi	chr4_q_hap2_correct_kbp	2.249
per_telomere	HiFi	chr4_q_hap2_correct_frac	0.9982
per_telomere	HiFi	chr4_q_hap2_mismatch_kbp	0.003
per_telomere	HiFi	chr4_q_hap2_mismatch_frac	0.0013
per_telomere	HiFi	chr4_q_hap2_softclip_kbp	0.001
per_telomere	HiFi	chr4_q_hap2_softclip_frac	0.0004
per_telomere	HiFi	chr5_p_hap1_telo_length_kbp	11.210
per_telomere	HiFi	chr5_p_hap1_correct_kbp	5.257
per_telomere	HiFi	chr5_p_hap1_correct_frac	0.4690
per_telomere	HiFi	chr5_p_hap1_misjoin_kbp	0.003
per_telomere	HiFi	chr5_p_hap1_misjoin_frac	0.0003
per_telomere	HiFi	chr5_p_hap1_mismatch_kbp	0.002
per_telomere	HiFi	chr5_p_hap1_mismatch_frac	0.0002
per_telomere	HiFi	chr5_p_hap1_softclip_kbp	0.002
per_telomere	HiFi	chr5_p_hap1_softclip_frac	0.0002
per_telomere	HiFi	chr5_p_hap1_simple_repeat_kbp	5.946
per_telomere	HiFi	chr5_p_hap1_simple_repeat_frac	0.5304
per_telomere	HiFi	chr5_p_hap2_telo_length_kbp	10.352
per_telomere	HiFi	chr5_p_hap2_correct_kbp	5.651
per_telomere	HiFi	chr5_p_hap2_correct_frac	0.5459
per_telomere	HiFi	chr5_p_hap2_misjoin_kbp	0.002
per_telomere	HiFi	chr5_p_hap2_misjoin_frac	0.0002
per_telomere	HiFi	chr5_p_hap2_mismatch_kbp	0.364
per_telomere	HiFi	chr5_p_hap2_mismatch_frac	0.0352
per_telomere	HiFi	chr5_p_hap2_simple_repeat_kbp	4.335
per_telomere	HiFi	chr5_p_hap2_simple_repeat_frac	0.4188
per_telomere	HiFi	chr5_q_hap1_telo_length_kbp	11.348
per_telomere	HiFi	chr5_q_hap1_correct_kbp	6.651
per_telomere	HiFi	chr5_q_hap1_correct_frac	0.5861
per_telomere	HiFi	chr5_q_hap1_misjoin_kbp	0.002
per_telomere	HiFi	chr5_q_hap1_misjoin_frac	0.0002
per_telomere	HiFi	chr5_q_hap1_low_quality_kbp	0.008
per_telomere	HiFi	chr5_q_hap1_low_quality_frac	0.0007
per_telomere	HiFi	chr5_q_hap1_deletion_kbp	0.009
per_telomere	HiFi	chr5_q_hap1_deletion_frac	0.0008
per_telomere	HiFi	chr5_q_hap1_mismatch_kbp	0.060
per_telomere	HiFi	chr5_q_hap1_mismatch_frac	0.0053
per_telomere	HiFi	chr5_q_hap1_simple_repeat_kbp	4.618
per_telomere	HiFi	chr5_q_hap1_simple_repeat_frac	0.4069
per_telomere	HiFi	chr5_q_hap2_telo_length_kbp	9.167
per_telomere	HiFi	chr5_q_hap2_correct_kbp	4.514
per_telomere	HiFi	chr5_q_hap2_correct_frac	0.4924
per_telomere	HiFi	chr5_q_hap2_misjoin_kbp	1.097
per_telomere	HiFi	chr5_q_hap2_misjoin_frac	0.1197
per_telomere	HiFi	chr5_q_hap2_het_or_mismap_kbp	0.001
per_telomere	HiFi	chr5_q_hap2_het_or_mismap_frac	0.0001
per_telomere	HiFi	chr5_q_hap2_mismatch_kbp	0.444
per_telomere	HiFi	chr5_q_hap2_mismatch_frac	0.0484
per_telomere	HiFi	chr5_q_hap2_softclip_kbp	0.001
per_telomere	HiFi	chr5_q_hap2_softclip_frac	0.0001
per_telomere	HiFi	chr5_q_hap2_simple_repeat_kbp	3.110
per_telomere	HiFi	chr5_q_hap2_simple_repeat_frac	0.3393
per_telomere	HiFi	chr6_p_hap1_telo_length_kbp	5.540
per_telomere	HiFi	chr6_p_hap1_correct_kbp	5.540
per_telomere	HiFi	chr6_p_hap1_correct_frac	1.0000
per_telomere	HiFi	chr6_p_hap2_telo_length_kbp	3.653
per_telomere	HiFi	chr6_p_hap2_correct_kbp	3.625
per_telomere	HiFi	chr6_p_hap2_correct_frac	0.9923
per_telomere	HiFi	chr6_p_hap2_misjoin_kbp	0.027
per_telomere	HiFi	chr6_p_hap2_misjoin_frac	0.0074
per_telomere	HiFi	chr6_p_hap2_low_quality_kbp	0.001
per_telomere	HiFi	chr6_p_hap2_low_quality_frac	0.0003
per_telomere	HiFi	chr6_q_hap1_telo_length_kbp	4.731
per_telomere	HiFi	chr6_q_hap1_correct_kbp	4.481
per_telomere	HiFi	chr6_q_hap1_correct_frac	0.9472
per_telomere	HiFi	chr6_q_hap1_low_quality_kbp	0.169
per_telomere	HiFi	chr6_q_hap1_low_quality_frac	0.0357
per_telomere	HiFi	chr6_q_hap1_deletion_kbp	0.055
per_telomere	HiFi	chr6_q_hap1_deletion_frac	0.0116
per_telomere	HiFi	chr6_q_hap1_homopolymer_kbp	0.026
per_telomere	HiFi	chr6_q_hap1_homopolymer_frac	0.0055
per_telomere	HiFi	chr6_q_hap2_telo_length_kbp	4.186
per_telomere	HiFi	chr6_q_hap2_correct_kbp	2.084
per_telomere	HiFi	chr6_q_hap2_correct_frac	0.4978
per_telomere	HiFi	chr6_q_hap2_het_or_mismap_kbp	0.001
per_telomere	HiFi	chr6_q_hap2_het_or_mismap_frac	0.0002
per_telomere	HiFi	chr6_q_hap2_low_quality_kbp	2.097
per_telomere	HiFi	chr6_q_hap2_low_quality_frac	0.5010
per_telomere	HiFi	chr6_q_hap2_deletion_kbp	0.002
per_telomere	HiFi	chr6_q_hap2_deletion_frac	0.0005
per_telomere	HiFi	chr6_q_hap2_insertion_kbp	0.001
per_telomere	HiFi	chr6_q_hap2_insertion_frac	0.0002
per_telomere	HiFi	chr6_q_hap2_homopolymer_kbp	0.001
per_telomere	HiFi	chr6_q_hap2_homopolymer_frac	0.0002
per_telomere	HiFi	chr7_p_hap1_telo_length_kbp	6.013
per_telomere	HiFi	chr7_p_hap1_correct_kbp	6.012
per_telomere	HiFi	chr7_p_hap1_correct_frac	0.9998
per_telomere	HiFi	chr7_p_hap1_insertion_kbp	0.001
per_telomere	HiFi	chr7_p_hap1_insertion_frac	0.0002
per_telomere	HiFi	chr7_p_hap2_telo_length_kbp	5.588
per_telomere	HiFi	chr7_p_hap2_correct_kbp	2.640
per_telomere	HiFi	chr7_p_hap2_correct_frac	0.4724
per_telomere	HiFi	chr7_p_hap2_misjoin_kbp	0.035
per_telomere	HiFi	chr7_p_hap2_misjoin_frac	0.0063
per_telomere	HiFi	chr7_p_hap2_mismatch_kbp	2.913
per_telomere	HiFi	chr7_p_hap2_mismatch_frac	0.5213
per_telomere	HiFi	chr7_q_hap1_telo_length_kbp	4.045
per_telomere	HiFi	chr7_q_hap1_correct_kbp	4.018
per_telomere	HiFi	chr7_q_hap1_correct_frac	0.9933
per_telomere	HiFi	chr7_q_hap1_misjoin_kbp	0.027
per_telomere	HiFi	chr7_q_hap1_misjoin_frac	0.0067
per_telomere	HiFi	chr7_q_hap2_telo_length_kbp	4.660
per_telomere	HiFi	chr7_q_hap2_correct_kbp	1.209
per_telomere	HiFi	chr7_q_hap2_correct_frac	0.2594
per_telomere	HiFi	chr7_q_hap2_low_quality_kbp	0.001
per_telomere	HiFi	chr7_q_hap2_low_quality_frac	0.0002
per_telomere	HiFi	chr7_q_hap2_softclip_kbp	3.450
per_telomere	HiFi	chr7_q_hap2_softclip_frac	0.7403
per_telomere	HiFi	chr8_p_hap1_telo_length_kbp	1.029
per_telomere	HiFi	chr8_p_hap1_correct_kbp	0.843
per_telomere	HiFi	chr8_p_hap1_correct_frac	0.8192
per_telomere	HiFi	chr8_p_hap1_misjoin_kbp	0.030
per_telomere	HiFi	chr8_p_hap1_misjoin_frac	0.0292
per_telomere	HiFi	chr8_p_hap1_insertion_kbp	0.156
per_telomere	HiFi	chr8_p_hap1_insertion_frac	0.1516
per_telomere	HiFi	chr8_p_hap2_telo_length_kbp	5.943
per_telomere	HiFi	chr8_p_hap2_correct_kbp	5.943
per_telomere	HiFi	chr8_p_hap2_correct_frac	1.0000
per_telomere	HiFi	chr8_q_hap1_telo_length_kbp	4.110
per_telomere	HiFi	chr8_q_hap1_correct_kbp	4.105
per_telomere	HiFi	chr8_q_hap1_correct_frac	0.9988
per_telomere	HiFi	chr8_q_hap1_mismatch_kbp	0.003
per_telomere	HiFi	chr8_q_hap1_mismatch_frac	0.0007
per_telomere	HiFi	chr8_q_hap1_homopolymer_kbp	0.002
per_telomere	HiFi	chr8_q_hap1_homopolymer_frac	0.0005
per_telomere	HiFi	chr8_q_hap2_telo_length_kbp	6.442
per_telomere	HiFi	chr8_q_hap2_correct_kbp	6.441
per_telomere	HiFi	chr8_q_hap2_correct_frac	0.9998
per_telomere	HiFi	chr8_q_hap2_het_or_mismap_kbp	0.001
per_telomere	HiFi	chr8_q_hap2_het_or_mismap_frac	0.0002
per_telomere	HiFi	chr9_p_hap1_telo_length_kbp	7.798
per_telomere	HiFi	chr9_p_hap1_correct_kbp	4.491
per_telomere	HiFi	chr9_p_hap1_correct_frac	0.5759
per_telomere	HiFi	chr9_p_hap1_low_quality_kbp	3.307
per_telomere	HiFi	chr9_p_hap1_low_quality_frac	0.4241
per_telomere	HiFi	chr9_p_hap2_telo_length_kbp	2.865
per_telomere	HiFi	chr9_p_hap2_correct_kbp	2.865
per_telomere	HiFi	chr9_p_hap2_correct_frac	1.0000
per_telomere	HiFi	chr9_q_hap1_telo_length_kbp	5.938
per_telomere	HiFi	chr9_q_hap1_correct_kbp	5.911
per_telomere	HiFi	chr9_q_hap1_correct_frac	0.9955
per_telomere	HiFi	chr9_q_hap1_simple_repeat_kbp	0.027
per_telomere	HiFi	chr9_q_hap1_simple_repeat_frac	0.0045
per_telomere	HiFi	chr9_q_hap2_telo_length_kbp	4.559
per_telomere	HiFi	chr9_q_hap2_correct_kbp	3.852
per_telomere	HiFi	chr9_q_hap2_correct_frac	0.8449
per_telomere	HiFi	chr9_q_hap2_deletion_kbp	0.143
per_telomere	HiFi	chr9_q_hap2_deletion_frac	0.0314
per_telomere	HiFi	chr9_q_hap2_insertion_kbp	0.564
per_telomere	HiFi	chr9_q_hap2_insertion_frac	0.1237
per_telomere	HiFi	chrX_p_hap1_telo_length_kbp	11.223
per_telomere	HiFi	chrX_p_hap1_correct_kbp	4.266
per_telomere	HiFi	chrX_p_hap1_correct_frac	0.3801
per_telomere	HiFi	chrX_p_hap1_misjoin_kbp	6.954
per_telomere	HiFi	chrX_p_hap1_misjoin_frac	0.6196
per_telomere	HiFi	chrX_p_hap1_low_quality_kbp	0.001
per_telomere	HiFi	chrX_p_hap1_low_quality_frac	0.0001
per_telomere	HiFi	chrX_p_hap1_mismatch_kbp	0.002
per_telomere	HiFi	chrX_p_hap1_mismatch_frac	0.0002
per_telomere	HiFi	chrX_p_hap2_telo_length_kbp	4.704
per_telomere	HiFi	chrX_p_hap2_correct_kbp	3.359
per_telomere	HiFi	chrX_p_hap2_correct_frac	0.7141
per_telomere	HiFi	chrX_p_hap2_misjoin_kbp	0.003
per_telomere	HiFi	chrX_p_hap2_misjoin_frac	0.0006
per_telomere	HiFi	chrX_p_hap2_insertion_kbp	0.002
per_telomere	HiFi	chrX_p_hap2_insertion_frac	0.0004
per_telomere	HiFi	chrX_p_hap2_mismatch_kbp	0.057
per_telomere	HiFi	chrX_p_hap2_mismatch_frac	0.0121
per_telomere	HiFi	chrX_p_hap2_simple_repeat_kbp	1.283
per_telomere	HiFi	chrX_p_hap2_simple_repeat_frac	0.2727
per_telomere	HiFi	chrX_q_hap1_telo_length_kbp	12.397
per_telomere	HiFi	chrX_q_hap1_simple_repeat_kbp	12.397
per_telomere	HiFi	chrX_q_hap1_simple_repeat_frac	1.0000
per_telomere	HiFi	chrX_q_hap2_telo_length_kbp	3.156
per_telomere	HiFi	chrX_q_hap2_correct_kbp	3.154
per_telomere	HiFi	chrX_q_hap2_correct_frac	0.9994
per_telomere	HiFi	chrX_q_hap2_low_quality_kbp	0.001
per_telomere	HiFi	chrX_q_hap2_low_quality_frac	0.0003
per_telomere	HiFi	chrX_q_hap2_softclip_kbp	0.001
per_telomere	HiFi	chrX_q_hap2_softclip_frac	0.0003
per_telomere	ONT	chr1_p_hap1_telo_length_kbp	4.535
per_telomere	ONT	chr1_p_hap1_correct_kbp	4.512
per_telomere	ONT	chr1_p_hap1_correct_frac	0.9949
per_telomere	ONT	chr1_p_hap1_misjoin_kbp	0.022
per_telomere	ONT	chr1_p_hap1_misjoin_frac	0.0049
per_telomere	ONT	chr1_p_hap1_softclip_kbp	0.001
per_telomere	ONT	chr1_p_hap1_softclip_frac	0.0002
per_telomere	ONT	chr1_p_hap2_telo_length_kbp	9.286
per_telomere	ONT	chr1_p_hap2_correct_kbp	1.719
per_telomere	ONT	chr1_p_hap2_correct_frac	0.1851
per_telomere	ONT	chr1_p_hap2_het_or_mismap_kbp	7.567
per_telomere	ONT	chr1_p_hap2_het_or_mismap_frac	0.8149
per_telomere	ONT	chr1_q_hap1_telo_length_kbp	5.545
per_telomere	ONT	chr1_q_hap1_correct_kbp	1.740
per_telomere	ONT	chr1_q_hap1_correct_frac	0.3138
per_telomere	ONT	chr1_q_hap1_het_or_mismap_kbp	3.805
per_telomere	ONT	chr1_q_hap1_het_or_mismap_frac	0.6862
per_telomere	ONT	chr1_q_hap2_telo_length_kbp	5.011
per_telomere	ONT	chr1_q_hap2_correct_kbp	1.592
per_telomere	ONT	chr1_q_hap2_correct_frac	0.3177
per_telomere	ONT	chr1_q_hap2_het_or_mismap_kbp	3.419
per_telomere	ONT	chr1_q_hap2_het_or_mismap_frac	0.6823
per_telomere	ONT	chr10_p_hap1_telo_length_kbp	9.652
per_telomere	ONT	chr10_p_hap1_correct_kbp	9.639
per_telomere	ONT	chr10_p_hap1_correct_frac	0.9987
per_telomere	ONT	chr10_p_hap1_softclip_kbp	0.001
per_telomere	ONT	chr10_p_hap1_softclip_frac	0.0001
per_telomere	ONT	chr10_p_hap1_homopolymer_kbp	0.012
per_telomere	ONT	chr10_p_hap1_homopolymer_frac	0.0012
per_telomere	ONT	chr10_p_hap2_telo_length_kbp	4.392
per_telomere	ONT	chr10_p_hap2_correct_kbp	4.390
per_telomere	ONT	chr10_p_hap2_correct_frac	0.9995
per_telomere	ONT	chr10_p_hap2_het_or_mismap_kbp	0.002
per_telomere	ONT	chr10_p_hap2_het_or_mismap_frac	0.0005
per_telomere	ONT	chr10_q_hap1_telo_length_kbp	11.130
per_telomere	ONT	chr10_q_hap1_correct_kbp	10.973
per_telomere	ONT	chr10_q_hap1_correct_frac	0.9859
per_telomere	ONT	chr10_q_hap1_simple_repeat_kbp	0.157
per_telomere	ONT	chr10_q_hap1_simple_repeat_frac	0.0141
per_telomere	ONT	chr10_q_hap2_telo_length_kbp	7.468
per_telomere	ONT	chr10_q_hap2_correct_kbp	2.904
per_telomere	ONT	chr10_q_hap2_correct_frac	0.3889
per_telomere	ONT	chr10_q_hap2_het_or_mismap_kbp	4.564
per_telomere	ONT	chr10_q_hap2_het_or_mismap_frac	0.6111
per_telomere	ONT	chr11_p_hap1_telo_length_kbp	4.368
per_telomere	ONT	chr11_p_hap1_correct_kbp	3.633
per_telomere	ONT	chr11_p_hap1_correct_frac	0.8317
per_telomere	ONT	chr11_p_hap1_het_or_mismap_kbp	0.734
per_telomere	ONT	chr11_p_hap1_het_or_mismap_frac	0.1680
per_telomere	ONT	chr11_p_hap1_insertion_kbp	0.001
per_telomere	ONT	chr11_p_hap1_insertion_frac	0.0002
per_telomere	ONT	chr11_p_hap2_telo_length_kbp	6.283
per_telomere	ONT	chr11_p_hap2_correct_kbp	1.381
per_telomere	ONT	chr11_p_hap2_correct_frac	0.2198
per_telomere	ONT	chr11_p_hap2_het_or_mismap_kbp	4.901
per_telomere	ONT	chr11_p_hap2_het_or_mismap_frac	0.7800
per_telomere	ONT	chr11_p_hap2_softclip_kbp	0.001
per_telomere	ONT	chr11_p_hap2_softclip_frac	0.0002
per_telomere	ONT	chr11_q_hap1_telo_length_kbp	6.055
per_telomere	ONT	chr11_q_hap1_correct_kbp	3.562
per_telomere	ONT	chr11_q_hap1_correct_frac	0.5883
per_telomere	ONT	chr11_q_hap1_het_or_mismap_kbp	2.493
per_telomere	ONT	chr11_q_hap1_het_or_mismap_frac	0.4117
per_telomere	ONT	chr11_q_hap2_telo_length_kbp	1.862
per_telomere	ONT	chr11_q_hap2_correct_kbp	1.003
per_telomere	ONT	chr11_q_hap2_correct_frac	0.5387
per_telomere	ONT	chr11_q_hap2_false_dup_kbp	0.018
per_telomere	ONT	chr11_q_hap2_false_dup_frac	0.0097
per_telomere	ONT	chr11_q_hap2_het_or_mismap_kbp	0.830
per_telomere	ONT	chr11_q_hap2_het_or_mismap_frac	0.4458
per_telomere	ONT	chr11_q_hap2_homopolymer_kbp	0.011
per_telomere	ONT	chr11_q_hap2_homopolymer_frac	0.0059
per_telomere	ONT	chr12_p_hap1_telo_length_kbp	14.037
per_telomere	ONT	chr12_p_hap1_correct_kbp	12.430
per_telomere	ONT	chr12_p_hap1_correct_frac	0.8855
per_telomere	ONT	chr12_p_hap1_simple_repeat_kbp	1.607
per_telomere	ONT	chr12_p_hap1_simple_repeat_frac	0.1145
per_telomere	ONT	chr12_p_hap2_telo_length_kbp	3.991
per_telomere	ONT	chr12_p_hap2_correct_kbp	3.313
per_telomere	ONT	chr12_p_hap2_correct_frac	0.8301
per_telomere	ONT	chr12_p_hap2_het_or_mismap_kbp	0.677
per_telomere	ONT	chr12_p_hap2_het_or_mismap_frac	0.1696
per_telomere	ONT	chr12_p_hap2_softclip_kbp	0.001
per_telomere	ONT	chr12_p_hap2_softclip_frac	0.0003
per_telomere	ONT	chr12_q_hap1_telo_length_kbp	15.891
per_telomere	ONT	chr12_q_hap1_correct_kbp	11.452
per_telomere	ONT	chr12_q_hap1_correct_frac	0.7207
per_telomere	ONT	chr12_q_hap1_simple_repeat_kbp	4.439
per_telomere	ONT	chr12_q_hap1_simple_repeat_frac	0.2793
per_telomere	ONT	chr12_q_hap2_telo_length_kbp	4.481
per_telomere	ONT	chr12_q_hap2_correct_kbp	4.481
per_telomere	ONT	chr12_q_hap2_correct_frac	1.0000
per_telomere	ONT	chr13_p_hap1_telo_length_kbp	10.985
per_telomere	ONT	chr13_p_hap1_correct_kbp	10.968
per_telomere	ONT	chr13_p_hap1_correct_frac	0.9985
per_telomere	ONT	chr13_p_hap1_softclip_kbp	0.003
per_telomere	ONT	chr13_p_hap1_softclip_frac	0.0003
per_telomere	ONT	chr13_p_hap1_homopolymer_kbp	0.014
per_telomere	ONT	chr13_p_hap1_homopolymer_frac	0.0013
per_telomere	ONT	chr13_p_hap2_telo_length_kbp	22.214
per_telomere	ONT	chr13_p_hap2_correct_kbp	10.717
per_telomere	ONT	chr13_p_hap2_correct_frac	0.4824
per_telomere	ONT	chr13_p_hap2_softclip_kbp	0.001
per_telomere	ONT	chr13_p_hap2_softclip_frac	0.0000
per_telomere	ONT	chr13_p_hap2_simple_repeat_kbp	11.496
per_telomere	ONT	chr13_p_hap2_simple_repeat_frac	0.5175
per_telomere	ONT	chr13_q_hap1_telo_length_kbp	7.818
per_telomere	ONT	chr13_q_hap1_correct_kbp	7.793
per_telomere	ONT	chr13_q_hap1_correct_frac	0.9968
per_telomere	ONT	chr13_q_hap1_misjoin_kbp	0.024
per_telomere	ONT	chr13_q_hap1_misjoin_frac	0.0031
per_telomere	ONT	chr13_q_hap1_mismatch_kbp	0.001
per_telomere	ONT	chr13_q_hap1_mismatch_frac	0.0001
per_telomere	ONT	chr13_q_hap2_telo_length_kbp	11.981
per_telomere	ONT	chr13_q_hap2_correct_kbp	11.981
per_telomere	ONT	chr13_q_hap2_correct_frac	1.0000
per_telomere	ONT	chr14_p_hap1_telo_length_kbp	0.758
per_telomere	ONT	chr14_p_hap1_correct_kbp	0.044
per_telomere	ONT	chr14_p_hap1_correct_frac	0.0580
per_telomere	ONT	chr14_p_hap1_misjoin_kbp	0.714
per_telomere	ONT	chr14_p_hap1_misjoin_frac	0.9420
per_telomere	ONT	chr14_p_hap2_telo_length_kbp	12.532
per_telomere	ONT	chr14_p_hap2_correct_kbp	10.826
per_telomere	ONT	chr14_p_hap2_correct_frac	0.8639
per_telomere	ONT	chr14_p_hap2_softclip_kbp	0.001
per_telomere	ONT	chr14_p_hap2_softclip_frac	0.0001
per_telomere	ONT	chr14_p_hap2_simple_repeat_kbp	1.705
per_telomere	ONT	chr14_p_hap2_simple_repeat_frac	0.1361
per_telomere	ONT	chr14_q_hap1_telo_length_kbp	4.698
per_telomere	ONT	chr14_q_hap1_correct_kbp	4.692
per_telomere	ONT	chr14_q_hap1_correct_frac	0.9987
per_telomere	ONT	chr14_q_hap1_het_or_mismap_kbp	0.006
per_telomere	ONT	chr14_q_hap1_het_or_mismap_frac	0.0013
per_telomere	ONT	chr14_q_hap2_telo_length_kbp	11.440
per_telomere	ONT	chr14_q_hap2_correct_kbp	11.429
per_telomere	ONT	chr14_q_hap2_correct_frac	0.9990
per_telomere	ONT	chr14_q_hap2_homopolymer_kbp	0.011
per_telomere	ONT	chr14_q_hap2_homopolymer_frac	0.0010
per_telomere	ONT	chr15_p_hap1_telo_length_kbp	16.956
per_telomere	ONT	chr15_p_hap1_correct_kbp	11.957
per_telomere	ONT	chr15_p_hap1_correct_frac	0.7052
per_telomere	ONT	chr15_p_hap1_simple_repeat_kbp	4.999
per_telomere	ONT	chr15_p_hap1_simple_repeat_frac	0.2948
per_telomere	ONT	chr15_p_hap2_telo_length_kbp	12.010
per_telomere	ONT	chr15_p_hap2_correct_kbp	10.510
per_telomere	ONT	chr15_p_hap2_correct_frac	0.8751
per_telomere	ONT	chr15_p_hap2_het_or_mismap_kbp	0.463
per_telomere	ONT	chr15_p_hap2_het_or_mismap_frac	0.0386
per_telomere	ONT	chr15_p_hap2_softclip_kbp	0.001
per_telomere	ONT	chr15_p_hap2_softclip_frac	0.0001
per_telomere	ONT	chr15_p_hap2_simple_repeat_kbp	1.036
per_telomere	ONT	chr15_p_hap2_simple_repeat_frac	0.0863
per_telomere	ONT	chr15_q_hap1_telo_length_kbp	11.853
per_telomere	ONT	chr15_q_hap1_correct_kbp	11.794
per_telomere	ONT	chr15_q_hap1_correct_frac	0.9950
per_telomere	ONT	chr15_q_hap1_simple_repeat_kbp	0.059
per_telomere	ONT	chr15_q_hap1_simple_repeat_frac	0.0050
per_telomere	ONT	chr15_q_hap2_telo_length_kbp	17.689
per_telomere	ONT	chr15_q_hap2_correct_kbp	12.750
per_telomere	ONT	chr15_q_hap2_correct_frac	0.7208
per_telomere	ONT	chr15_q_hap2_softclip_kbp	0.001
per_telomere	ONT	chr15_q_hap2_softclip_frac	0.0001
per_telomere	ONT	chr15_q_hap2_simple_repeat_kbp	4.938
per_telomere	ONT	chr15_q_hap2_simple_repeat_frac	0.2792
per_telomere	ONT	chr16_p_hap1_telo_length_kbp	13.884
per_telomere	ONT	chr16_p_hap1_correct_kbp	13.883
per_telomere	ONT	chr16_p_hap1_correct_frac	0.9999
per_telomere	ONT	chr16_p_hap1_softclip_kbp	0.001
per_telomere	ONT	chr16_p_hap1_softclip_frac	0.0001
per_telomere	ONT	chr16_p_hap2_telo_length_kbp	4.599
per_telomere	ONT	chr16_p_hap2_correct_kbp	2.369
per_telomere	ONT	chr16_p_hap2_correct_frac	0.5151
per_telomere	ONT	chr16_p_hap2_het_or_mismap_kbp	2.230
per_telomere	ONT	chr16_p_hap2_het_or_mismap_frac	0.4849
per_telomere	ONT	chr16_q_hap1_telo_length_kbp	10.992
per_telomere	ONT	chr16_q_hap1_correct_kbp	10.978
per_telomere	ONT	chr16_q_hap1_correct_frac	0.9987
per_telomere	ONT	chr16_q_hap1_homopolymer_kbp	0.014
per_telomere	ONT	chr16_q_hap1_homopolymer_frac	0.0013
per_telomere	ONT	chr16_q_hap2_telo_length_kbp	5.473
per_telomere	ONT	chr16_q_hap2_correct_kbp	0.961
per_telomere	ONT	chr16_q_hap2_correct_frac	0.1756
per_telomere	ONT	chr16_q_hap2_het_or_mismap_kbp	4.512
per_telomere	ONT	chr16_q_hap2_het_or_mismap_frac	0.8244
per_telomere	ONT	chr17_p_hap1_telo_length_kbp	4.853
per_telomere	ONT	chr17_p_hap1_correct_kbp	3.790
per_telomere	ONT	chr17_p_hap1_correct_frac	0.7810
per_telomere	ONT	chr17_p_hap1_het_or_mismap_kbp	1.063
per_telomere	ONT	chr17_p_hap1_het_or_mismap_frac	0.2190
per_telomere	ONT	chr17_p_hap2_telo_length_kbp	6.145
per_telomere	ONT	chr17_p_hap2_correct_kbp	1.723
per_telomere	ONT	chr17_p_hap2_correct_frac	0.2804
per_telomere	ONT	chr17_p_hap2_het_or_mismap_kbp	4.422
per_telomere	ONT	chr17_p_hap2_het_or_mismap_frac	0.7196
per_telomere	ONT	chr17_q_hap1_telo_length_kbp	5.670
per_telomere	ONT	chr17_q_hap1_correct_kbp	5.554
per_telomere	ONT	chr17_q_hap1_correct_frac	0.9795
per_telomere	ONT	chr17_q_hap1_het_or_mismap_kbp	0.116
per_telomere	ONT	chr17_q_hap1_het_or_mismap_frac	0.0205
per_telomere	ONT	chr17_q_hap2_telo_length_kbp	7.037
per_telomere	ONT	chr17_q_hap2_correct_kbp	6.758
per_telomere	ONT	chr17_q_hap2_correct_frac	0.9604
per_telomere	ONT	chr17_q_hap2_het_or_mismap_kbp	0.279
per_telomere	ONT	chr17_q_hap2_het_or_mismap_frac	0.0396
per_telomere	ONT	chr18_p_hap1_telo_length_kbp	1.570
per_telomere	ONT	chr18_p_hap1_correct_kbp	1.570
per_telomere	ONT	chr18_p_hap1_correct_frac	1.0000
per_telomere	ONT	chr18_p_hap2_telo_length_kbp	6.053
per_telomere	ONT	chr18_p_hap2_correct_kbp	5.873
per_telomere	ONT	chr18_p_hap2_correct_frac	0.9703
per_telomere	ONT	chr18_p_hap2_het_or_mismap_kbp	0.179
per_telomere	ONT	chr18_p_hap2_het_or_mismap_frac	0.0296
per_telomere	ONT	chr18_p_hap2_softclip_kbp	0.001
per_telomere	ONT	chr18_p_hap2_softclip_frac	0.0002
per_telomere	ONT	chr18_q_hap1_telo_length_kbp	2.073
per_telomere	ONT	chr18_q_hap1_correct_kbp	0.755
per_telomere	ONT	chr18_q_hap1_correct_frac	0.3642
per_telomere	ONT	chr18_q_hap1_misjoin_kbp	0.009
per_telomere	ONT	chr18_q_hap1_misjoin_frac	0.0043
per_telomere	ONT	chr18_q_hap1_het_or_mismap_kbp	1.309
per_telomere	ONT	chr18_q_hap1_het_or_mismap_frac	0.6315
per_telomere	ONT	chr18_q_hap2_telo_length_kbp	2.796
per_telomere	ONT	chr18_q_hap2_correct_kbp	2.054
per_telomere	ONT	chr18_q_hap2_correct_frac	0.7346
per_telomere	ONT	chr18_q_hap2_het_or_mismap_kbp	0.742
per_telomere	ONT	chr18_q_hap2_het_or_mismap_frac	0.2654
per_telomere	ONT	chr19_p_hap1_telo_length_kbp	4.772
per_telomere	ONT	chr19_p_hap1_correct_kbp	3.979
per_telomere	ONT	chr19_p_hap1_correct_frac	0.8338
per_telomere	ONT	chr19_p_hap1_het_or_mismap_kbp	0.792
per_telomere	ONT	chr19_p_hap1_het_or_mismap_frac	0.1660
per_telomere	ONT	chr19_p_hap1_softclip_kbp	0.001
per_telomere	ONT	chr19_p_hap1_softclip_frac	0.0002
per_telomere	ONT	chr19_p_hap2_telo_length_kbp	7.242
per_telomere	ONT	chr19_p_hap2_correct_kbp	7.227
per_telomere	ONT	chr19_p_hap2_correct_frac	0.9979
per_telomere	ONT	chr19_p_hap2_het_or_mismap_kbp	0.015
per_telomere	ONT	chr19_p_hap2_het_or_mismap_frac	0.0021
per_telomere	ONT	chr19_q_hap1_telo_length_kbp	5.335
per_telomere	ONT	chr19_q_hap1_correct_kbp	2.218
per_telomere	ONT	chr19_q_hap1_correct_frac	0.4157
per_telomere	ONT	chr19_q_hap1_het_or_mismap_kbp	3.117
per_telomere	ONT	chr19_q_hap1_het_or_mismap_frac	0.5843
per_telomere	ONT	chr19_q_hap2_telo_length_kbp	4.374
per_telomere	ONT	chr19_q_hap2_correct_kbp	1.206
per_telomere	ONT	chr19_q_hap2_correct_frac	0.2757
per_telomere	ONT	chr19_q_hap2_misjoin_kbp	0.032
per_telomere	ONT	chr19_q_hap2_misjoin_frac	0.0073
per_telomere	ONT	chr19_q_hap2_het_or_mismap_kbp	3.135
per_telomere	ONT	chr19_q_hap2_het_or_mismap_frac	0.7167
per_telomere	ONT	chr19_q_hap2_softclip_kbp	0.001
per_telomere	ONT	chr19_q_hap2_softclip_frac	0.0002
per_telomere	ONT	chr2_p_hap1_telo_length_kbp	9.719
per_telomere	ONT	chr2_p_hap1_correct_kbp	9.624
per_telomere	ONT	chr2_p_hap1_correct_frac	0.9902
per_telomere	ONT	chr2_p_hap1_insertion_kbp	0.079
per_telomere	ONT	chr2_p_hap1_insertion_frac	0.0081
per_telomere	ONT	chr2_p_hap1_softclip_kbp	0.002
per_telomere	ONT	chr2_p_hap1_softclip_frac	0.0002
per_telomere	ONT	chr2_p_hap1_homopolymer_kbp	0.014
per_telomere	ONT	chr2_p_hap1_homopolymer_frac	0.0014
per_telomere	ONT	chr2_p_hap2_telo_length_kbp	7.648
per_telomere	ONT	chr2_p_hap2_correct_kbp	7.644
per_telomere	ONT	chr2_p_hap2_correct_frac	0.9995
per_telomere	ONT	chr2_p_hap2_softclip_kbp	0.004
per_telomere	ONT	chr2_p_hap2_softclip_frac	0.0005
per_telomere	ONT	chr2_q_hap1_telo_length_kbp	11.827
per_telomere	ONT	chr2_q_hap1_correct_kbp	11.813
per_telomere	ONT	chr2_q_hap1_correct_frac	0.9988
per_telomere	ONT	chr2_q_hap1_homopolymer_kbp	0.014
per_telomere	ONT	chr2_q_hap1_homopolymer_frac	0.0012
per_telomere	ONT	chr2_q_hap2_telo_length_kbp	14.862
per_telomere	ONT	chr2_q_hap2_correct_kbp	13.746
per_telomere	ONT	chr2_q_hap2_correct_frac	0.9249
per_telomere	ONT	chr2_q_hap2_softclip_kbp	0.001
per_telomere	ONT	chr2_q_hap2_softclip_frac	0.0001
per_telomere	ONT	chr2_q_hap2_simple_repeat_kbp	1.115
per_telomere	ONT	chr2_q_hap2_simple_repeat_frac	0.0750
per_telomere	ONT	chr20_p_hap1_telo_length_kbp	1.100
per_telomere	ONT	chr20_p_hap1_correct_kbp	1.099
per_telomere	ONT	chr20_p_hap1_correct_frac	0.9991
per_telomere	ONT	chr20_p_hap1_softclip_kbp	0.001
per_telomere	ONT	chr20_p_hap1_softclip_frac	0.0009
per_telomere	ONT	chr20_p_hap2_telo_length_kbp	4.496
per_telomere	ONT	chr20_p_hap2_correct_kbp	4.493
per_telomere	ONT	chr20_p_hap2_correct_frac	0.9993
per_telomere	ONT	chr20_p_hap2_het_or_mismap_kbp	0.003
per_telomere	ONT	chr20_p_hap2_het_or_mismap_frac	0.0007
per_telomere	ONT	chr20_q_hap1_telo_length_kbp	6.020
per_telomere	ONT	chr20_q_hap1_correct_kbp	0.146
per_telomere	ONT	chr20_q_hap1_correct_frac	0.0243
per_telomere	ONT	chr20_q_hap1_het_or_mismap_kbp	5.874
per_telomere	ONT	chr20_q_hap1_het_or_mismap_frac	0.9757
per_telomere	ONT	chr20_q_hap2_telo_length_kbp	5.930
per_telomere	ONT	chr20_q_hap2_correct_kbp	5.929
per_telomere	ONT	chr20_q_hap2_correct_frac	0.9998
per_telomere	ONT	chr20_q_hap2_insertion_kbp	0.001
per_telomere	ONT	chr20_q_hap2_insertion_frac	0.0002
per_telomere	ONT	chr21_p_hap1_telo_length_kbp	19.222
per_telomere	ONT	chr21_p_hap1_correct_kbp	13.010
per_telomere	ONT	chr21_p_hap1_correct_frac	0.6768
per_telomere	ONT	chr21_p_hap1_softclip_kbp	0.001
per_telomere	ONT	chr21_p_hap1_softclip_frac	0.0001
per_telomere	ONT	chr21_p_hap1_simple_repeat_kbp	6.211
per_telomere	ONT	chr21_p_hap1_simple_repeat_frac	0.3231
per_telomere	ONT	chr21_p_hap2_telo_length_kbp	13.864
per_telomere	ONT	chr21_p_hap2_correct_kbp	12.021
per_telomere	ONT	chr21_p_hap2_correct_frac	0.8671
per_telomere	ONT	chr21_p_hap2_softclip_kbp	0.001
per_telomere	ONT	chr21_p_hap2_softclip_frac	0.0001
per_telomere	ONT	chr21_p_hap2_simple_repeat_kbp	1.842
per_telomere	ONT	chr21_p_hap2_simple_repeat_frac	0.1329
per_telomere	ONT	chr21_q_hap1_telo_length_kbp	9.939
per_telomere	ONT	chr21_q_hap1_correct_kbp	9.925
per_telomere	ONT	chr21_q_hap1_correct_frac	0.9986
per_telomere	ONT	chr21_q_hap1_homopolymer_kbp	0.014
per_telomere	ONT	chr21_q_hap1_homopolymer_frac	0.0014
per_telomere	ONT	chr21_q_hap2_telo_length_kbp	7.907
per_telomere	ONT	chr21_q_hap2_correct_kbp	7.894
per_telomere	ONT	chr21_q_hap2_correct_frac	0.9984
per_telomere	ONT	chr21_q_hap2_homopolymer_kbp	0.013
per_telomere	ONT	chr21_q_hap2_homopolymer_frac	0.0016
per_telomere	ONT	chr22_p_hap1_telo_length_kbp	13.575
per_telomere	ONT	chr22_p_hap1_correct_kbp	11.234
per_telomere	ONT	chr22_p_hap1_correct_frac	0.8276
per_telomere	ONT	chr22_p_hap1_softclip_kbp	0.001
per_telomere	ONT	chr22_p_hap1_softclip_frac	0.0001
per_telomere	ONT	chr22_p_hap1_simple_repeat_kbp	2.340
per_telomere	ONT	chr22_p_hap1_simple_repeat_frac	0.1724
per_telomere	ONT	chr22_q_hap1_telo_length_kbp	11.347
per_telomere	ONT	chr22_q_hap1_correct_kbp	11.333
per_telomere	ONT	chr22_q_hap1_correct_frac	0.9988
per_telomere	ONT	chr22_q_hap1_homopolymer_kbp	0.014
per_telomere	ONT	chr22_q_hap1_homopolymer_frac	0.0012
per_telomere	ONT	chr22_q_hap2_telo_length_kbp	13.226
per_telomere	ONT	chr22_q_hap2_correct_kbp	12.684
per_telomere	ONT	chr22_q_hap2_correct_frac	0.9590
per_telomere	ONT	chr22_q_hap2_het_or_mismap_kbp	0.003
per_telomere	ONT	chr22_q_hap2_het_or_mismap_frac	0.0002
per_telomere	ONT	chr22_q_hap2_softclip_kbp	0.508
per_telomere	ONT	chr22_q_hap2_softclip_frac	0.0384
per_telomere	ONT	chr22_q_hap2_homopolymer_kbp	0.031
per_telomere	ONT	chr22_q_hap2_homopolymer_frac	0.0023
per_telomere	ONT	chr3_p_hap1_telo_length_kbp	3.305
per_telomere	ONT	chr3_p_hap1_correct_kbp	2.400
per_telomere	ONT	chr3_p_hap1_correct_frac	0.7262
per_telomere	ONT	chr3_p_hap1_het_or_mismap_kbp	0.905
per_telomere	ONT	chr3_p_hap1_het_or_mismap_frac	0.2738
per_telomere	ONT	chr3_p_hap2_telo_length_kbp	2.869
per_telomere	ONT	chr3_p_hap2_correct_kbp	2.666
per_telomere	ONT	chr3_p_hap2_correct_frac	0.9292
per_telomere	ONT	chr3_p_hap2_het_or_mismap_kbp	0.203
per_telomere	ONT	chr3_p_hap2_het_or_mismap_frac	0.0708
per_telomere	ONT	chr3_q_hap1_telo_length_kbp	4.361
per_telomere	ONT	chr3_q_hap1_correct_kbp	4.358
per_telomere	ONT	chr3_q_hap1_correct_frac	0.9993
per_telomere	ONT	chr3_q_hap1_het_or_mismap_kbp	0.003
per_telomere	ONT	chr3_q_hap1_het_or_mismap_frac	0.0007
per_telomere	ONT	chr3_q_hap2_telo_length_kbp	2.127
per_telomere	ONT	chr3_q_hap2_correct_kbp	2.045
per_telomere	ONT	chr3_q_hap2_correct_frac	0.9614
per_telomere	ONT	chr3_q_hap2_het_or_mismap_kbp	0.082
per_telomere	ONT	chr3_q_hap2_het_or_mismap_frac	0.0386
per_telomere	ONT	chr4_p_hap1_telo_length_kbp	8.541
per_telomere	ONT	chr4_p_hap1_correct_kbp	8.541
per_telomere	ONT	chr4_p_hap1_correct_frac	1.0000
per_telomere	ONT	chr4_p_hap2_telo_length_kbp	9.196
per_telomere	ONT	chr4_p_hap2_correct_kbp	1.609
per_telomere	ONT	chr4_p_hap2_correct_frac	0.1750
per_telomere	ONT	chr4_p_hap2_het_or_mismap_kbp	7.575
per_telomere	ONT	chr4_p_hap2_het_or_mismap_frac	0.8237
per_telomere	ONT	chr4_p_hap2_insertion_kbp	0.001
per_telomere	ONT	chr4_p_hap2_insertion_frac	0.0001
per_telomere	ONT	chr4_p_hap2_simple_repeat_kbp	0.011
per_telomere	ONT	chr4_p_hap2_simple_repeat_frac	0.0012
per_telomere	ONT	chr4_q_hap1_telo_length_kbp	10.835
per_telomere	ONT	chr4_q_hap1_correct_kbp	10.835
per_telomere	ONT	chr4_q_hap1_correct_frac	1.0000
per_telomere	ONT	chr4_q_hap2_telo_length_kbp	2.253
per_telomere	ONT	chr4_q_hap2_correct_kbp	0.023
per_telomere	ONT	chr4_q_hap2_correct_frac	0.0102
per_telomere	ONT	chr4_q_hap2_het_or_mismap_kbp	2.227
per_telomere	ONT	chr4_q_hap2_het_or_mismap_frac	0.9885
per_telomere	ONT	chr4_q_hap2_low_quality_kbp	0.002
per_telomere	ONT	chr4_q_hap2_low_quality_frac	0.0009
per_telomere	ONT	chr4_q_hap2_mismatch_kbp	0.001
per_telomere	ONT	chr4_q_hap2_mismatch_frac	0.0004
per_telomere	ONT	chr5_p_hap1_telo_length_kbp	11.210
per_telomere	ONT	chr5_p_hap1_correct_kbp	10.970
per_telomere	ONT	chr5_p_hap1_correct_frac	0.9786
per_telomere	ONT	chr5_p_hap1_simple_repeat_kbp	0.240
per_telomere	ONT	chr5_p_hap1_simple_repeat_frac	0.0214
per_telomere	ONT	chr5_p_hap2_telo_length_kbp	10.352
per_telomere	ONT	chr5_p_hap2_correct_kbp	10.351
per_telomere	ONT	chr5_p_hap2_correct_frac	0.9999
per_telomere	ONT	chr5_p_hap2_softclip_kbp	0.001
per_telomere	ONT	chr5_p_hap2_softclip_frac	0.0001
per_telomere	ONT	chr5_q_hap1_telo_length_kbp	11.348
per_telomere	ONT	chr5_q_hap1_correct_kbp	11.347
per_telomere	ONT	chr5_q_hap1_correct_frac	0.9999
per_telomere	ONT	chr5_q_hap1_softclip_kbp	0.001
per_telomere	ONT	chr5_q_hap1_softclip_frac	0.0001
per_telomere	ONT	chr5_q_hap2_telo_length_kbp	9.167
per_telomere	ONT	chr5_q_hap2_correct_kbp	9.166
per_telomere	ONT	chr5_q_hap2_correct_frac	0.9999
per_telomere	ONT	chr5_q_hap2_softclip_kbp	0.001
per_telomere	ONT	chr5_q_hap2_softclip_frac	0.0001
per_telomere	ONT	chr6_p_hap1_telo_length_kbp	5.540
per_telomere	ONT	chr6_p_hap1_correct_kbp	0.085
per_telomere	ONT	chr6_p_hap1_correct_frac	0.0153
per_telomere	ONT	chr6_p_hap1_het_or_mismap_kbp	5.455
per_telomere	ONT	chr6_p_hap1_het_or_mismap_frac	0.9847
per_telomere	ONT	chr6_p_hap2_telo_length_kbp	3.653
per_telomere	ONT	chr6_p_hap2_correct_kbp	1.054
per_telomere	ONT	chr6_p_hap2_correct_frac	0.2885
per_telomere	ONT	chr6_p_hap2_misjoin_kbp	0.026
per_telomere	ONT	chr6_p_hap2_misjoin_frac	0.0071
per_telomere	ONT	chr6_p_hap2_het_or_mismap_kbp	2.572
per_telomere	ONT	chr6_p_hap2_het_or_mismap_frac	0.7041
per_telomere	ONT	chr6_p_hap2_softclip_kbp	0.001
per_telomere	ONT	chr6_p_hap2_softclip_frac	0.0003
per_telomere	ONT	chr6_q_hap1_telo_length_kbp	4.731
per_telomere	ONT	chr6_q_hap1_correct_kbp	0.872
per_telomere	ONT	chr6_q_hap1_correct_frac	0.1843
per_telomere	ONT	chr6_q_hap1_het_or_mismap_kbp	3.830
per_telomere	ONT	chr6_q_hap1_het_or_mismap_frac	0.8096
per_telomere	ONT	chr6_q_hap1_homopolymer_kbp	0.029
per_telomere	ONT	chr6_q_hap1_homopolymer_frac	0.0061
per_telomere	ONT	chr6_q_hap2_telo_length_kbp	4.186
per_telomere	ONT	chr6_q_hap2_correct_kbp	1.188
per_telomere	ONT	chr6_q_hap2_correct_frac	0.2838
per_telomere	ONT	chr6_q_hap2_het_or_mismap_kbp	2.998
per_telomere	ONT	chr6_q_hap2_het_or_mismap_frac	0.7162
per_telomere	ONT	chr7_p_hap1_telo_length_kbp	6.013
per_telomere	ONT	chr7_p_hap1_correct_kbp	5.412
per_telomere	ONT	chr7_p_hap1_correct_frac	0.9000
per_telomere	ONT	chr7_p_hap1_het_or_mismap_kbp	0.601
per_telomere	ONT	chr7_p_hap1_het_or_mismap_frac	0.1000
per_telomere	ONT	chr7_p_hap2_telo_length_kbp	5.588
per_telomere	ONT	chr7_p_hap2_correct_kbp	3.877
per_telomere	ONT	chr7_p_hap2_correct_frac	0.6938
per_telomere	ONT	chr7_p_hap2_misjoin_kbp	0.023
per_telomere	ONT	chr7_p_hap2_misjoin_frac	0.0041
per_telomere	ONT	chr7_p_hap2_het_or_mismap_kbp	1.687
per_telomere	ONT	chr7_p_hap2_het_or_mismap_frac	0.3019
per_telomere	ONT	chr7_p_hap2_softclip_kbp	0.001
per_telomere	ONT	chr7_p_hap2_softclip_frac	0.0002
per_telomere	ONT	chr7_q_hap1_telo_length_kbp	4.045
per_telomere	ONT	chr7_q_hap1_correct_kbp	1.831
per_telomere	ONT	chr7_q_hap1_correct_frac	0.4527
per_telomere	ONT	chr7_q_hap1_misjoin_kbp	0.026
per_telomere	ONT	chr7_q_hap1_misjoin_frac	0.0064
per_telomere	ONT	chr7_q_hap1_het_or_mismap_kbp	2.187
per_telomere	ONT	chr7_q_hap1_het_or_mismap_frac	0.5407
per_telomere	ONT	chr7_q_hap1_homopolymer_kbp	0.001
per_telomere	ONT	chr7_q_hap1_homopolymer_frac	0.0002
per_telomere	ONT	chr7_q_hap2_telo_length_kbp	4.660
per_telomere	ONT	chr7_q_hap2_correct_kbp	0.353
per_telomere	ONT	chr7_q_hap2_correct_frac	0.0758
per_telomere	ONT	chr7_q_hap2_het_or_mismap_kbp	4.307
per_telomere	ONT	chr7_q_hap2_het_or_mismap_frac	0.9242
per_telomere	ONT	chr8_p_hap1_telo_length_kbp	1.029
per_telomere	ONT	chr8_p_hap1_correct_kbp	0.871
per_telomere	ONT	chr8_p_hap1_correct_frac	0.8465
per_telomere	ONT	chr8_p_hap1_het_or_mismap_kbp	0.145
per_telomere	ONT	chr8_p_hap1_het_or_mismap_frac	0.1409
per_telomere	ONT	chr8_p_hap1_insertion_kbp	0.001
per_telomere	ONT	chr8_p_hap1_insertion_frac	0.0010
per_telomere	ONT	chr8_p_hap1_softclip_kbp	0.001
per_telomere	ONT	chr8_p_hap1_softclip_frac	0.0010
per_telomere	ONT	chr8_p_hap1_homopolymer_kbp	0.011
per_telomere	ONT	chr8_p_hap1_homopolymer_frac	0.0107
per_telomere	ONT	chr8_p_hap2_telo_length_kbp	5.943
per_telomere	ONT	chr8_p_hap2_correct_kbp	1.673
per_telomere	ONT	chr8_p_hap2_correct_frac	0.2815
per_telomere	ONT	chr8_p_hap2_het_or_mismap_kbp	4.270
per_telomere	ONT	chr8_p_hap2_het_or_mismap_frac	0.7185
per_telomere	ONT	chr8_q_hap1_telo_length_kbp	4.110
per_telomere	ONT	chr8_q_hap1_correct_kbp	4.107
per_telomere	ONT	chr8_q_hap1_correct_frac	0.9993
per_telomere	ONT	chr8_q_hap1_het_or_mismap_kbp	0.003
per_telomere	ONT	chr8_q_hap1_het_or_mismap_frac	0.0007
per_telomere	ONT	chr8_q_hap2_telo_length_kbp	6.442
per_telomere	ONT	chr8_q_hap2_correct_kbp	2.973
per_telomere	ONT	chr8_q_hap2_correct_frac	0.4615
per_telomere	ONT	chr8_q_hap2_het_or_mismap_kbp	3.469
per_telomere	ONT	chr8_q_hap2_het_or_mismap_frac	0.5385
per_telomere	ONT	chr9_p_hap1_telo_length_kbp	7.798
per_telomere	ONT	chr9_p_hap1_correct_kbp	1.977
per_telomere	ONT	chr9_p_hap1_correct_frac	0.2535
per_telomere	ONT	chr9_p_hap1_het_or_mismap_kbp	5.818
per_telomere	ONT	chr9_p_hap1_het_or_mismap_frac	0.7461
per_telomere	ONT	chr9_p_hap1_low_quality_kbp	0.002
per_telomere	ONT	chr9_p_hap1_low_quality_frac	0.0003
per_telomere	ONT	chr9_p_hap1_softclip_kbp	0.001
per_telomere	ONT	chr9_p_hap1_softclip_frac	0.0001
per_telomere	ONT	chr9_p_hap2_telo_length_kbp	2.865
per_telomere	ONT	chr9_p_hap2_correct_kbp	0.003
per_telomere	ONT	chr9_p_hap2_correct_frac	0.0010
per_telomere	ONT	chr9_p_hap2_het_or_mismap_kbp	2.861
per_telomere	ONT	chr9_p_hap2_het_or_mismap_frac	0.9986
per_telomere	ONT	chr9_p_hap2_softclip_kbp	0.001
per_telomere	ONT	chr9_p_hap2_softclip_frac	0.0003
per_telomere	ONT	chr9_q_hap1_telo_length_kbp	5.938
per_telomere	ONT	chr9_q_hap1_correct_kbp	5.656
per_telomere	ONT	chr9_q_hap1_correct_frac	0.9525
per_telomere	ONT	chr9_q_hap1_het_or_mismap_kbp	0.282
per_telomere	ONT	chr9_q_hap1_het_or_mismap_frac	0.0475
per_telomere	ONT	chr9_q_hap2_telo_length_kbp	4.559
per_telomere	ONT	chr9_q_hap2_correct_kbp	1.844
per_telomere	ONT	chr9_q_hap2_correct_frac	0.4045
per_telomere	ONT	chr9_q_hap2_het_or_mismap_kbp	2.715
per_telomere	ONT	chr9_q_hap2_het_or_mismap_frac	0.5955
per_telomere	ONT	chrX_p_hap1_telo_length_kbp	11.223
per_telomere	ONT	chrX_p_hap1_correct_kbp	8.703
per_telomere	ONT	chrX_p_hap1_correct_frac	0.7755
per_telomere	ONT	chrX_p_hap1_misjoin_kbp	1.268
per_telomere	ONT	chrX_p_hap1_misjoin_frac	0.1130
per_telomere	ONT	chrX_p_hap1_softclip_kbp	0.004
per_telomere	ONT	chrX_p_hap1_softclip_frac	0.0004
per_telomere	ONT	chrX_p_hap1_homopolymer_kbp	0.012
per_telomere	ONT	chrX_p_hap1_homopolymer_frac	0.0011
per_telomere	ONT	chrX_p_hap1_simple_repeat_kbp	1.236
per_telomere	ONT	chrX_p_hap1_simple_repeat_frac	0.1101
per_telomere	ONT	chrX_p_hap2_telo_length_kbp	4.704
per_telomere	ONT	chrX_p_hap2_correct_kbp	4.587
per_telomere	ONT	chrX_p_hap2_correct_frac	0.9751
per_telomere	ONT	chrX_p_hap2_misjoin_kbp	0.028
per_telomere	ONT	chrX_p_hap2_misjoin_frac	0.0060
per_telomere	ONT	chrX_p_hap2_low_quality_kbp	0.003
per_telomere	ONT	chrX_p_hap2_low_quality_frac	0.0006
per_telomere	ONT	chrX_p_hap2_softclip_kbp	0.001
per_telomere	ONT	chrX_p_hap2_softclip_frac	0.0002
per_telomere	ONT	chrX_p_hap2_simple_repeat_kbp	0.085
per_telomere	ONT	chrX_p_hap2_simple_repeat_frac	0.0181
per_telomere	ONT	chrX_q_hap1_telo_length_kbp	12.397
per_telomere	ONT	chrX_q_hap1_correct_kbp	12.369
per_telomere	ONT	chrX_q_hap1_correct_frac	0.9977
per_telomere	ONT	chrX_q_hap1_homopolymer_kbp	0.028
per_telomere	ONT	chrX_q_hap1_homopolymer_frac	0.0023
per_telomere	ONT	chrX_q_hap2_telo_length_kbp	3.156
per_telomere	ONT	chrX_q_hap2_correct_kbp	0.923
per_telomere	ONT	chrX_q_hap2_correct_frac	0.2925
per_telomere	ONT	chrX_q_hap2_het_or_mismap_kbp	2.233
per_telomere	ONT	chrX_q_hap2_het_or_mismap_frac	0.7075
global_summary	HiFi	correct_total_kbp	335.484
global_summary	HiFi	correct_fraction	0.484373
global_summary	HiFi	misjoin_total_kbp	13.316
global_summary	HiFi	misjoin_fraction	0.019226
global_summary	HiFi	het_or_mismap_total_kbp	17.334
global_summary	HiFi	het_or_mismap_fraction	0.025027
global_summary	HiFi	low_quality_total_kbp	7.872
global_summary	HiFi	low_quality_fraction	0.011366
global_summary	HiFi	deletion_total_kbp	7.303
global_summary	HiFi	deletion_fraction	0.010544
global_summary	HiFi	insertion_total_kbp	2.701
global_summary	HiFi	insertion_fraction	0.003900
global_summary	HiFi	mismatch_total_kbp	16.041
global_summary	HiFi	mismatch_fraction	0.023160
global_summary	HiFi	softclip_total_kbp	5.634
global_summary	HiFi	softclip_fraction	0.008134
global_summary	HiFi	homopolymer_total_kbp	0.051
global_summary	HiFi	homopolymer_fraction	0.000074
global_summary	HiFi	simple_repeat_total_kbp	286.879
global_summary	HiFi	simple_repeat_fraction	0.414197
global_summary	ONT	correct_total_kbp	532.347
global_summary	ONT	correct_fraction	0.768604
global_summary	ONT	misjoin_total_kbp	2.172
global_summary	ONT	misjoin_fraction	0.003136
global_summary	ONT	false_dup_total_kbp	0.018
global_summary	ONT	false_dup_fraction	0.000026
global_summary	ONT	het_or_mismap_total_kbp	113.680
global_summary	ONT	het_or_mismap_fraction	0.164132
global_summary	ONT	low_quality_total_kbp	0.007
global_summary	ONT	low_quality_fraction	0.000010
global_summary	ONT	insertion_total_kbp	0.083
global_summary	ONT	insertion_fraction	0.000120
global_summary	ONT	mismatch_total_kbp	0.002
global_summary	ONT	mismatch_fraction	0.000003
global_summary	ONT	softclip_total_kbp	0.547
global_summary	ONT	softclip_fraction	0.000790
global_summary	ONT	homopolymer_total_kbp	0.243
global_summary	ONT	homopolymer_fraction	0.000351
global_summary	ONT	simple_repeat_total_kbp	43.516
global_summary	ONT	simple_repeat_fraction	0.062829
arm_comparison	HiFi	correct_U	977.0
arm_comparison	HiFi	correct_pvalue	6.4806e-01
arm_comparison	HiFi	correct_p_median_kbp	3.625
arm_comparison	HiFi	correct_q_median_kbp	4.155
arm_comparison	HiFi	misjoin_U	1052.0
arm_comparison	HiFi	misjoin_pvalue	8.7547e-01
arm_comparison	HiFi	misjoin_p_median_kbp	0.000
arm_comparison	HiFi	misjoin_q_median_kbp	0.000
arm_comparison	HiFi	het_or_mismap_U	947.0
arm_comparison	HiFi	het_or_mismap_pvalue	3.6251e-01
arm_comparison	HiFi	het_or_mismap_p_median_kbp	0.000
arm_comparison	HiFi	het_or_mismap_q_median_kbp	0.000
arm_comparison	HiFi	low_quality_U	893.5
arm_comparison	HiFi	low_quality_pvalue	1.1411e-01
arm_comparison	HiFi	low_quality_p_median_kbp	0.000
arm_comparison	HiFi	low_quality_q_median_kbp	0.000
arm_comparison	HiFi	deletion_U	860.0
arm_comparison	HiFi	deletion_pvalue	4.6421e-02
arm_comparison	HiFi	deletion_p_median_kbp	0.000
arm_comparison	HiFi	deletion_q_median_kbp	0.000
arm_comparison	HiFi	insertion_U	891.5
arm_comparison	HiFi	insertion_pvalue	1.3023e-01
arm_comparison	HiFi	insertion_p_median_kbp	0.000
arm_comparison	HiFi	insertion_q_median_kbp	0.000
arm_comparison	HiFi	mismatch_U	1013.5
arm_comparison	HiFi	mismatch_pvalue	8.4776e-01
arm_comparison	HiFi	mismatch_p_median_kbp	0.000
arm_comparison	HiFi	mismatch_q_median_kbp	0.000
arm_comparison	HiFi	softclip_U	932.0
arm_comparison	HiFi	softclip_pvalue	2.5073e-01
arm_comparison	HiFi	softclip_p_median_kbp	0.000
arm_comparison	HiFi	softclip_q_median_kbp	0.000
arm_comparison	HiFi	homopolymer_U	994.5
arm_comparison	HiFi	homopolymer_pvalue	5.8910e-01
arm_comparison	HiFi	homopolymer_p_median_kbp	0.000
arm_comparison	HiFi	homopolymer_q_median_kbp	0.000
arm_comparison	HiFi	simple_repeat_U	975.0
arm_comparison	HiFi	simple_repeat_pvalue	6.0506e-01
arm_comparison	HiFi	simple_repeat_p_median_kbp	0.000
arm_comparison	HiFi	simple_repeat_q_median_kbp	0.002
arm_comparison	ONT	correct_U	1015.0
arm_comparison	ONT	correct_pvalue	8.7699e-01
arm_comparison	ONT	correct_p_median_kbp	4.493
arm_comparison	ONT	correct_q_median_kbp	4.587
arm_comparison	ONT	misjoin_U	1086.5
arm_comparison	ONT	misjoin_pvalue	4.5588e-01
arm_comparison	ONT	misjoin_p_median_kbp	0.000
arm_comparison	ONT	misjoin_q_median_kbp	0.000
arm_comparison	ONT	false_dup_U	1012.5
arm_comparison	ONT	false_dup_pvalue	3.3350e-01
arm_comparison	ONT	false_dup_p_median_kbp	0.000
arm_comparison	ONT	false_dup_q_median_kbp	0.000
arm_comparison	ONT	het_or_mismap_U	974.0
arm_comparison	ONT	het_or_mismap_pvalue	6.1563e-01
arm_comparison	ONT	het_or_mismap_p_median_kbp	0.003
arm_comparison	ONT	het_or_mismap_q_median_kbp	0.044
arm_comparison	ONT	low_quality_U	1059.0
arm_comparison	ONT	low_quality_pvalue	5.4645e-01
arm_comparison	ONT	low_quality_p_median_kbp	0.000
arm_comparison	ONT	low_quality_q_median_kbp	0.000
arm_comparison	ONT	insertion_U	1105.0
arm_comparison	ONT	insertion_pvalue	1.6231e-01
arm_comparison	ONT	insertion_p_median_kbp	0.000
arm_comparison	ONT	insertion_q_median_kbp	0.000
arm_comparison	ONT	mismatch_U	990.0
arm_comparison	ONT	mismatch_pvalue	1.6424e-01
arm_comparison	ONT	mismatch_p_median_kbp	0.000
arm_comparison	ONT	mismatch_q_median_kbp	0.000
arm_comparison	ONT	softclip_U	1472.5
arm_comparison	ONT	softclip_pvalue	2.9701e-05
arm_comparison	ONT	softclip_p_median_kbp	0.001
arm_comparison	ONT	softclip_q_median_kbp	0.000
arm_comparison	ONT	homopolymer_U	895.0
arm_comparison	ONT	homopolymer_pvalue	9.4993e-02
arm_comparison	ONT	homopolymer_p_median_kbp	0.000
arm_comparison	ONT	homopolymer_q_median_kbp	0.000
arm_comparison	ONT	simple_repeat_U	1203.5
arm_comparison	ONT	simple_repeat_pvalue	4.9835e-02
arm_comparison	ONT	simple_repeat_p_median_kbp	0.000
arm_comparison	ONT	simple_repeat_q_median_kbp	0.000
acro_comparison	HiFi	correct_U	313.0
acro_comparison	HiFi	correct_pvalue	2.9696e-04
acro_comparison	HiFi	correct_acro_median_kbp	1.838
acro_comparison	HiFi	correct_non_median_kbp	4.379
acro_comparison	HiFi	misjoin_U	912.0
acro_comparison	HiFi	misjoin_pvalue	7.8601e-03
acro_comparison	HiFi	misjoin_acro_median_kbp	0.002
acro_comparison	HiFi	misjoin_non_median_kbp	0.000
acro_comparison	HiFi	het_or_mismap_U	653.5
acro_comparison	HiFi	het_or_mismap_pvalue	7.0095e-01
acro_comparison	HiFi	het_or_mismap_acro_median_kbp	0.000
acro_comparison	HiFi	het_or_mismap_non_median_kbp	0.000
acro_comparison	HiFi	low_quality_U	642.0
acro_comparison	HiFi	low_quality_pvalue	5.6730e-01
acro_comparison	HiFi	low_quality_acro_median_kbp	0.000
acro_comparison	HiFi	low_quality_non_median_kbp	0.000
acro_comparison	HiFi	deletion_U	660.0
acro_comparison	HiFi	deletion_pvalue	7.4146e-01
acro_comparison	HiFi	deletion_acro_median_kbp	0.000
acro_comparison	HiFi	deletion_non_median_kbp	0.000
acro_comparison	HiFi	insertion_U	707.5
acro_comparison	HiFi	insertion_pvalue	7.6465e-01
acro_comparison	HiFi	insertion_acro_median_kbp	0.000
acro_comparison	HiFi	insertion_non_median_kbp	0.000
acro_comparison	HiFi	mismatch_U	948.5
acro_comparison	HiFi	mismatch_pvalue	2.9902e-03
acro_comparison	HiFi	mismatch_acro_median_kbp	0.023
acro_comparison	HiFi	mismatch_non_median_kbp	0.000
acro_comparison	HiFi	softclip_U	631.0
acro_comparison	HiFi	softclip_pvalue	4.6928e-01
acro_comparison	HiFi	softclip_acro_median_kbp	0.000
acro_comparison	HiFi	softclip_non_median_kbp	0.000
acro_comparison	HiFi	homopolymer_U	611.0
acro_comparison	HiFi	homopolymer_pvalue	2.2848e-01
acro_comparison	HiFi	homopolymer_acro_median_kbp	0.000
acro_comparison	HiFi	homopolymer_non_median_kbp	0.000
acro_comparison	HiFi	simple_repeat_U	1172.0
acro_comparison	HiFi	simple_repeat_pvalue	1.8683e-07
acro_comparison	HiFi	simple_repeat_acro_median_kbp	7.618
acro_comparison	HiFi	simple_repeat_non_median_kbp	0.000
acro_comparison	ONT	correct_U	1141.0
acro_comparison	ONT	correct_pvalue	8.2909e-06
acro_comparison	ONT	correct_acro_median_kbp	11.234
acro_comparison	ONT	correct_non_median_kbp	3.598
acro_comparison	ONT	misjoin_U	682.0
acro_comparison	ONT	misjoin_pvalue	9.7848e-01
acro_comparison	ONT	misjoin_acro_median_kbp	0.000
acro_comparison	ONT	misjoin_non_median_kbp	0.000
acro_comparison	ONT	false_dup_U	674.5
acro_comparison	ONT	false_dup_pvalue	6.2650e-01
acro_comparison	ONT	false_dup_acro_median_kbp	0.000
acro_comparison	ONT	false_dup_non_median_kbp	0.000
acro_comparison	ONT	het_or_mismap_U	282.5
acro_comparison	ONT	het_or_mismap_pvalue	4.2518e-05
acro_comparison	ONT	het_or_mismap_acro_median_kbp	0.000
acro_comparison	ONT	het_or_mismap_non_median_kbp	0.442
acro_comparison	ONT	low_quality_U	655.5
acro_comparison	ONT	low_quality_pvalue	3.7674e-01
acro_comparison	ONT	low_quality_acro_median_kbp	0.000
acro_comparison	ONT	low_quality_non_median_kbp	0.000
acro_comparison	ONT	insertion_U	636.5
acro_comparison	ONT	insertion_pvalue	2.4507e-01
acro_comparison	ONT	insertion_acro_median_kbp	0.000
acro_comparison	ONT	insertion_non_median_kbp	0.000
acro_comparison	ONT	mismatch_U	710.5
acro_comparison	ONT	mismatch_pvalue	3.1745e-01
acro_comparison	ONT	mismatch_acro_median_kbp	0.000
acro_comparison	ONT	mismatch_non_median_kbp	0.000
acro_comparison	ONT	softclip_U	808.5
acro_comparison	ONT	softclip_pvalue	1.4497e-01
acro_comparison	ONT	softclip_acro_median_kbp	0.000
acro_comparison	ONT	softclip_non_median_kbp	0.000
acro_comparison	ONT	homopolymer_U	811.5
acro_comparison	ONT	homopolymer_pvalue	6.1514e-02
acro_comparison	ONT	homopolymer_acro_median_kbp	0.000
acro_comparison	ONT	homopolymer_non_median_kbp	0.000
acro_comparison	ONT	simple_repeat_U	954.0
acro_comparison	ONT	simple_repeat_pvalue	1.0867e-04
acro_comparison	ONT	simple_repeat_acro_median_kbp	0.000
acro_comparison	ONT	simple_repeat_non_median_kbp	0.000
hypergeom_enrichment	HiFi	correct_k	335484
hypergeom_enrichment	HiFi	correct_K	1902393
hypergeom_enrichment	HiFi	correct_N	2300000
hypergeom_enrichment	HiFi	correct_n	692615
hypergeom_enrichment	HiFi	correct_expected	572880.8
hypergeom_enrichment	HiFi	correct_fold_enrichment	0.586
hypergeom_enrichment	HiFi	correct_pvalue	1.0000e+00
hypergeom_enrichment	HiFi	misjoin_k	13316
hypergeom_enrichment	HiFi	misjoin_K	17674
hypergeom_enrichment	HiFi	misjoin_N	2300000
hypergeom_enrichment	HiFi	misjoin_n	692615
hypergeom_enrichment	HiFi	misjoin_expected	5322.3
hypergeom_enrichment	HiFi	misjoin_fold_enrichment	2.502
hypergeom_enrichment	HiFi	misjoin_pvalue	0.0000e+00
hypergeom_enrichment	HiFi	het_or_mismap_k	17334
hypergeom_enrichment	HiFi	het_or_mismap_K	29469
hypergeom_enrichment	HiFi	het_or_mismap_N	2300000
hypergeom_enrichment	HiFi	het_or_mismap_n	692615
hypergeom_enrichment	HiFi	het_or_mismap_expected	8874.2
hypergeom_enrichment	HiFi	het_or_mismap_fold_enrichment	1.953
hypergeom_enrichment	HiFi	het_or_mismap_pvalue	0.0000e+00
hypergeom_enrichment	HiFi	low_quality_k	7872
hypergeom_enrichment	HiFi	low_quality_K	7872
hypergeom_enrichment	HiFi	low_quality_N	2300000
hypergeom_enrichment	HiFi	low_quality_n	692615
hypergeom_enrichment	HiFi	low_quality_expected	2370.6
hypergeom_enrichment	HiFi	low_quality_fold_enrichment	3.321
hypergeom_enrichment	HiFi	low_quality_pvalue	0.0000e+00
hypergeom_enrichment	HiFi	deletion_k	7303
hypergeom_enrichment	HiFi	deletion_K	7303
hypergeom_enrichment	HiFi	deletion_N	2300000
hypergeom_enrichment	HiFi	deletion_n	692615
hypergeom_enrichment	HiFi	deletion_expected	2199.2
hypergeom_enrichment	HiFi	deletion_fold_enrichment	3.321
hypergeom_enrichment	HiFi	deletion_pvalue	0.0000e+00
hypergeom_enrichment	HiFi	insertion_k	2701
hypergeom_enrichment	HiFi	insertion_K	2702
hypergeom_enrichment	HiFi	insertion_N	2300000
hypergeom_enrichment	HiFi	insertion_n	692615
hypergeom_enrichment	HiFi	insertion_expected	813.7
hypergeom_enrichment	HiFi	insertion_fold_enrichment	3.320
hypergeom_enrichment	HiFi	insertion_pvalue	0.0000e+00
hypergeom_enrichment	HiFi	mismatch_k	16041
hypergeom_enrichment	HiFi	mismatch_K	27124
hypergeom_enrichment	HiFi	mismatch_N	2300000
hypergeom_enrichment	HiFi	mismatch_n	692615
hypergeom_enrichment	HiFi	mismatch_expected	8168.0
hypergeom_enrichment	HiFi	mismatch_fold_enrichment	1.964
hypergeom_enrichment	HiFi	mismatch_pvalue	0.0000e+00
hypergeom_enrichment	HiFi	softclip_k	5634
hypergeom_enrichment	HiFi	softclip_K	5642
hypergeom_enrichment	HiFi	softclip_N	2300000
hypergeom_enrichment	HiFi	softclip_n	692615
hypergeom_enrichment	HiFi	softclip_expected	1699.0
hypergeom_enrichment	HiFi	softclip_fold_enrichment	3.316
hypergeom_enrichment	HiFi	softclip_pvalue	0.0000e+00
hypergeom_enrichment	HiFi	homopolymer_k	51
hypergeom_enrichment	HiFi	homopolymer_K	106
hypergeom_enrichment	HiFi	homopolymer_N	2300000
hypergeom_enrichment	HiFi	homopolymer_n	692615
hypergeom_enrichment	HiFi	homopolymer_expected	31.9
hypergeom_enrichment	HiFi	homopolymer_fold_enrichment	1.598
hypergeom_enrichment	HiFi	homopolymer_pvalue	7.5464e-05
hypergeom_enrichment	HiFi	simple_repeat_k	286879
hypergeom_enrichment	HiFi	simple_repeat_K	299709
hypergeom_enrichment	HiFi	simple_repeat_N	2300000
hypergeom_enrichment	HiFi	simple_repeat_n	692615
hypergeom_enrichment	HiFi	simple_repeat_expected	90253.5
hypergeom_enrichment	HiFi	simple_repeat_fold_enrichment	3.179
hypergeom_enrichment	HiFi	simple_repeat_pvalue	0.0000e+00
hypergeom_enrichment	ONT	correct_k	532347
hypergeom_enrichment	ONT	correct_K	2099447
hypergeom_enrichment	ONT	correct_N	2300000
hypergeom_enrichment	ONT	correct_n	692615
hypergeom_enrichment	ONT	correct_expected	632221.1
hypergeom_enrichment	ONT	correct_fold_enrichment	0.842
hypergeom_enrichment	ONT	correct_pvalue	1.0000e+00
hypergeom_enrichment	ONT	misjoin_k	2172
hypergeom_enrichment	ONT	misjoin_K	5278
hypergeom_enrichment	ONT	misjoin_N	2300000
hypergeom_enrichment	ONT	misjoin_n	692615
hypergeom_enrichment	ONT	misjoin_expected	1589.4
hypergeom_enrichment	ONT	misjoin_fold_enrichment	1.367
hypergeom_enrichment	ONT	misjoin_pvalue	4.1967e-65
hypergeom_enrichment	ONT	false_dup_k	18
hypergeom_enrichment	ONT	false_dup_K	20
hypergeom_enrichment	ONT	false_dup_N	2300000
hypergeom_enrichment	ONT	false_dup_n	692615
hypergeom_enrichment	ONT	false_dup_expected	6.0
hypergeom_enrichment	ONT	false_dup_fold_enrichment	2.989
hypergeom_enrichment	ONT	false_dup_pvalue	4.0262e-08
hypergeom_enrichment	ONT	het_or_mismap_k	113680
hypergeom_enrichment	ONT	het_or_mismap_K	146980
hypergeom_enrichment	ONT	het_or_mismap_N	2300000
hypergeom_enrichment	ONT	het_or_mismap_n	692615
hypergeom_enrichment	ONT	het_or_mismap_expected	44261.1
hypergeom_enrichment	ONT	het_or_mismap_fold_enrichment	2.568
hypergeom_enrichment	ONT	het_or_mismap_pvalue	0.0000e+00
hypergeom_enrichment	ONT	low_quality_k	7
hypergeom_enrichment	ONT	low_quality_K	40
hypergeom_enrichment	ONT	low_quality_N	2300000
hypergeom_enrichment	ONT	low_quality_n	692615
hypergeom_enrichment	ONT	low_quality_expected	12.0
hypergeom_enrichment	ONT	low_quality_fold_enrichment	0.581
hypergeom_enrichment	ONT	low_quality_pvalue	9.7706e-01
hypergeom_enrichment	ONT	insertion_k	83
hypergeom_enrichment	ONT	insertion_K	83
hypergeom_enrichment	ONT	insertion_N	2300000
hypergeom_enrichment	ONT	insertion_n	692615
hypergeom_enrichment	ONT	insertion_expected	25.0
hypergeom_enrichment	ONT	insertion_fold_enrichment	3.321
hypergeom_enrichment	ONT	insertion_pvalue	5.4441e-44
hypergeom_enrichment	ONT	mismatch_k	2
hypergeom_enrichment	ONT	mismatch_K	2
hypergeom_enrichment	ONT	mismatch_N	2300000
hypergeom_enrichment	ONT	mismatch_n	692615
hypergeom_enrichment	ONT	mismatch_expected	0.6
hypergeom_enrichment	ONT	mismatch_fold_enrichment	3.321
hypergeom_enrichment	ONT	mismatch_pvalue	9.0683e-02
hypergeom_enrichment	ONT	softclip_k	547
hypergeom_enrichment	ONT	softclip_K	1064
hypergeom_enrichment	ONT	softclip_N	2300000
hypergeom_enrichment	ONT	softclip_n	692615
hypergeom_enrichment	ONT	softclip_expected	320.4
hypergeom_enrichment	ONT	softclip_fold_enrichment	1.707
hypergeom_enrichment	ONT	softclip_pvalue	1.3746e-47
hypergeom_enrichment	ONT	homopolymer_k	243
hypergeom_enrichment	ONT	homopolymer_K	281
hypergeom_enrichment	ONT	homopolymer_N	2300000
hypergeom_enrichment	ONT	homopolymer_n	692615
hypergeom_enrichment	ONT	homopolymer_expected	84.6
hypergeom_enrichment	ONT	homopolymer_fold_enrichment	2.872
hypergeom_enrichment	ONT	homopolymer_pvalue	4.3594e-86
hypergeom_enrichment	ONT	simple_repeat_k	43516
hypergeom_enrichment	ONT	simple_repeat_K	43724
hypergeom_enrichment	ONT	simple_repeat_N	2300000
hypergeom_enrichment	ONT	simple_repeat_n	692615
hypergeom_enrichment	ONT	simple_repeat_expected	13166.9
hypergeom_enrichment	ONT	simple_repeat_fold_enrichment	3.305
hypergeom_enrichment	ONT	simple_repeat_pvalue	0.0000e+00
ont_vs_hifi	both	correct_odds_ratio	0.2828
ont_vs_hifi	both	correct_fisher_pvalue	0.0000e+00
ont_vs_hifi	both	correct_hifi_frac	0.484373
ont_vs_hifi	both	correct_ont_frac	0.768604
ont_vs_hifi	both	misjoin_odds_ratio	6.2313
ont_vs_hifi	both	misjoin_fisher_pvalue	0.0000e+00
ont_vs_hifi	both	misjoin_hifi_frac	0.019226
ont_vs_hifi	both	misjoin_ont_frac	0.003136
ont_vs_hifi	both	false_dup_odds_ratio	0.0000
ont_vs_hifi	both	false_dup_fisher_pvalue	7.6286e-06
ont_vs_hifi	both	false_dup_hifi_frac	0.000000
ont_vs_hifi	both	false_dup_ont_frac	0.000026
ont_vs_hifi	both	het_or_mismap_odds_ratio	0.1307
ont_vs_hifi	both	het_or_mismap_fisher_pvalue	0.0000e+00
ont_vs_hifi	both	het_or_mismap_hifi_frac	0.025027
ont_vs_hifi	both	het_or_mismap_ont_frac	0.164132
ont_vs_hifi	both	low_quality_odds_ratio	1137.4883
ont_vs_hifi	both	low_quality_fisher_pvalue	0.0000e+00
ont_vs_hifi	both	low_quality_hifi_frac	0.011366
ont_vs_hifi	both	low_quality_ont_frac	0.000010
ont_vs_hifi	both	deletion_odds_ratio	inf
ont_vs_hifi	both	deletion_fisher_pvalue	0.0000e+00
ont_vs_hifi	both	deletion_hifi_frac	0.010544
ont_vs_hifi	both	deletion_ont_frac	0.000000
ont_vs_hifi	both	insertion_odds_ratio	32.6657
ont_vs_hifi	both	insertion_fisher_pvalue	0.0000e+00
ont_vs_hifi	both	insertion_hifi_frac	0.003900
ont_vs_hifi	both	insertion_ont_frac	0.000120
ont_vs_hifi	both	mismatch_odds_ratio	8210.6356
ont_vs_hifi	both	mismatch_fisher_pvalue	0.0000e+00
ont_vs_hifi	both	mismatch_hifi_frac	0.023160
ont_vs_hifi	both	mismatch_ont_frac	0.000003
ont_vs_hifi	both	softclip_odds_ratio	10.3761
ont_vs_hifi	both	softclip_fisher_pvalue	0.0000e+00
ont_vs_hifi	both	softclip_hifi_frac	0.008134
ont_vs_hifi	both	softclip_ont_frac	0.000790
ont_vs_hifi	both	homopolymer_odds_ratio	0.2098
ont_vs_hifi	both	homopolymer_fisher_pvalue	3.8641e-31
ont_vs_hifi	both	homopolymer_hifi_frac	0.000074
ont_vs_hifi	both	homopolymer_ont_frac	0.000351
ont_vs_hifi	both	simple_repeat_odds_ratio	10.5467
ont_vs_hifi	both	simple_repeat_fisher_pvalue	0.0000e+00
ont_vs_hifi	both	simple_repeat_hifi_frac	0.414197
ont_vs_hifi	both	simple_repeat_ont_frac	0.062829
chr_type_breakdown	HiFi	acrocentric_correct_kbp	41.897
chr_type_breakdown	HiFi	acrocentric_correct_frac	0.182150
chr_type_breakdown	HiFi	acrocentric_misjoin_kbp	4.990
chr_type_breakdown	HiFi	acrocentric_misjoin_frac	0.021694
chr_type_breakdown	HiFi	acrocentric_het_or_mismap_kbp	2.997
chr_type_breakdown	HiFi	acrocentric_het_or_mismap_frac	0.013030
chr_type_breakdown	HiFi	acrocentric_low_quality_kbp	2.235
chr_type_breakdown	HiFi	acrocentric_low_quality_frac	0.009717
chr_type_breakdown	HiFi	acrocentric_deletion_kbp	3.375
chr_type_breakdown	HiFi	acrocentric_deletion_frac	0.014673
chr_type_breakdown	HiFi	acrocentric_insertion_kbp	0.036
chr_type_breakdown	HiFi	acrocentric_insertion_frac	0.000157
chr_type_breakdown	HiFi	acrocentric_mismatch_kbp	7.634
chr_type_breakdown	HiFi	acrocentric_mismatch_frac	0.033189
chr_type_breakdown	HiFi	acrocentric_softclip_kbp	0.003
chr_type_breakdown	HiFi	acrocentric_softclip_frac	0.000013
chr_type_breakdown	HiFi	acrocentric_homopolymer_kbp	0.001
chr_type_breakdown	HiFi	acrocentric_homopolymer_frac	0.000004
chr_type_breakdown	HiFi	acrocentric_simple_repeat_kbp	166.846
chr_type_breakdown	HiFi	acrocentric_simple_repeat_frac	0.725373
chr_type_breakdown	HiFi	chrX_correct_kbp	10.779
chr_type_breakdown	HiFi	chrX_correct_frac	0.342408
chr_type_breakdown	HiFi	chrX_misjoin_kbp	6.957
chr_type_breakdown	HiFi	chrX_misjoin_frac	0.220997
chr_type_breakdown	HiFi	chrX_het_or_mismap_kbp	0.000
chr_type_breakdown	HiFi	chrX_het_or_mismap_frac	0.000000
chr_type_breakdown	HiFi	chrX_low_quality_kbp	0.002
chr_type_breakdown	HiFi	chrX_low_quality_frac	0.000064
chr_type_breakdown	HiFi	chrX_deletion_kbp	0.000
chr_type_breakdown	HiFi	chrX_deletion_frac	0.000000
chr_type_breakdown	HiFi	chrX_insertion_kbp	0.002
chr_type_breakdown	HiFi	chrX_insertion_frac	0.000064
chr_type_breakdown	HiFi	chrX_mismatch_kbp	0.059
chr_type_breakdown	HiFi	chrX_mismatch_frac	0.001874
chr_type_breakdown	HiFi	chrX_softclip_kbp	0.001
chr_type_breakdown	HiFi	chrX_softclip_frac	0.000032
chr_type_breakdown	HiFi	chrX_homopolymer_kbp	0.000
chr_type_breakdown	HiFi	chrX_homopolymer_frac	0.000000
chr_type_breakdown	HiFi	chrX_simple_repeat_kbp	13.680
chr_type_breakdown	HiFi	chrX_simple_repeat_frac	0.434562
chr_type_breakdown	HiFi	other_correct_kbp	282.808
chr_type_breakdown	HiFi	other_correct_frac	0.655983
chr_type_breakdown	HiFi	other_misjoin_kbp	1.369
chr_type_breakdown	HiFi	other_misjoin_frac	0.003175
chr_type_breakdown	HiFi	other_het_or_mismap_kbp	14.337
chr_type_breakdown	HiFi	other_het_or_mismap_frac	0.033255
chr_type_breakdown	HiFi	other_low_quality_kbp	5.635
chr_type_breakdown	HiFi	other_low_quality_frac	0.013071
chr_type_breakdown	HiFi	other_deletion_kbp	3.928
chr_type_breakdown	HiFi	other_deletion_frac	0.009111
chr_type_breakdown	HiFi	other_insertion_kbp	2.663
chr_type_breakdown	HiFi	other_insertion_frac	0.006177
chr_type_breakdown	HiFi	other_mismatch_kbp	8.348
chr_type_breakdown	HiFi	other_mismatch_frac	0.019363
chr_type_breakdown	HiFi	other_softclip_kbp	5.630
chr_type_breakdown	HiFi	other_softclip_frac	0.013059
chr_type_breakdown	HiFi	other_homopolymer_kbp	0.050
chr_type_breakdown	HiFi	other_homopolymer_frac	0.000116
chr_type_breakdown	HiFi	other_simple_repeat_kbp	106.353
chr_type_breakdown	HiFi	other_simple_repeat_frac	0.246689
chr_type_breakdown	ONT	acrocentric_correct_kbp	193.562
chr_type_breakdown	ONT	acrocentric_correct_frac	0.841523
chr_type_breakdown	ONT	acrocentric_misjoin_kbp	0.738
chr_type_breakdown	ONT	acrocentric_misjoin_frac	0.003209
chr_type_breakdown	ONT	acrocentric_false_dup_kbp	0.000
chr_type_breakdown	ONT	acrocentric_false_dup_frac	0.000000
chr_type_breakdown	ONT	acrocentric_het_or_mismap_kbp	0.472
chr_type_breakdown	ONT	acrocentric_het_or_mismap_frac	0.002052
chr_type_breakdown	ONT	acrocentric_low_quality_kbp	0.000
chr_type_breakdown	ONT	acrocentric_low_quality_frac	0.000000
chr_type_breakdown	ONT	acrocentric_insertion_kbp	0.000
chr_type_breakdown	ONT	acrocentric_insertion_frac	0.000000
chr_type_breakdown	ONT	acrocentric_mismatch_kbp	0.001
chr_type_breakdown	ONT	acrocentric_mismatch_frac	0.000004
chr_type_breakdown	ONT	acrocentric_softclip_kbp	0.518
chr_type_breakdown	ONT	acrocentric_softclip_frac	0.002252
chr_type_breakdown	ONT	acrocentric_homopolymer_kbp	0.097
chr_type_breakdown	ONT	acrocentric_homopolymer_frac	0.000422
chr_type_breakdown	ONT	acrocentric_simple_repeat_kbp	34.626
chr_type_breakdown	ONT	acrocentric_simple_repeat_frac	0.150539
chr_type_breakdown	ONT	chrX_correct_kbp	26.582
chr_type_breakdown	ONT	chrX_correct_frac	0.844409
chr_type_breakdown	ONT	chrX_misjoin_kbp	1.296
chr_type_breakdown	ONT	chrX_misjoin_frac	0.041169
chr_type_breakdown	ONT	chrX_false_dup_kbp	0.000
chr_type_breakdown	ONT	chrX_false_dup_frac	0.000000
chr_type_breakdown	ONT	chrX_het_or_mismap_kbp	2.233
chr_type_breakdown	ONT	chrX_het_or_mismap_frac	0.070934
chr_type_breakdown	ONT	chrX_low_quality_kbp	0.003
chr_type_breakdown	ONT	chrX_low_quality_frac	0.000095
chr_type_breakdown	ONT	chrX_insertion_kbp	0.000
chr_type_breakdown	ONT	chrX_insertion_frac	0.000000
chr_type_breakdown	ONT	chrX_mismatch_kbp	0.000
chr_type_breakdown	ONT	chrX_mismatch_frac	0.000000
chr_type_breakdown	ONT	chrX_softclip_kbp	0.005
chr_type_breakdown	ONT	chrX_softclip_frac	0.000159
chr_type_breakdown	ONT	chrX_homopolymer_kbp	0.040
chr_type_breakdown	ONT	chrX_homopolymer_frac	0.001271
chr_type_breakdown	ONT	chrX_simple_repeat_kbp	1.321
chr_type_breakdown	ONT	chrX_simple_repeat_frac	0.041963
chr_type_breakdown	ONT	other_correct_kbp	312.203
chr_type_breakdown	ONT	other_correct_frac	0.724166
chr_type_breakdown	ONT	other_misjoin_kbp	0.138
chr_type_breakdown	ONT	other_misjoin_frac	0.000320
chr_type_breakdown	ONT	other_false_dup_kbp	0.018
chr_type_breakdown	ONT	other_false_dup_frac	0.000042
chr_type_breakdown	ONT	other_het_or_mismap_kbp	110.975
chr_type_breakdown	ONT	other_het_or_mismap_frac	0.257410
chr_type_breakdown	ONT	other_low_quality_kbp	0.004
chr_type_breakdown	ONT	other_low_quality_frac	0.000009
chr_type_breakdown	ONT	other_insertion_kbp	0.083
chr_type_breakdown	ONT	other_insertion_frac	0.000193
chr_type_breakdown	ONT	other_mismatch_kbp	0.001
chr_type_breakdown	ONT	other_mismatch_frac	0.000002
chr_type_breakdown	ONT	other_softclip_kbp	0.024
chr_type_breakdown	ONT	other_softclip_frac	0.000056
chr_type_breakdown	ONT	other_homopolymer_kbp	0.106
chr_type_breakdown	ONT	other_homopolymer_frac	0.000246
chr_type_breakdown	ONT	other_simple_repeat_kbp	7.569
chr_type_breakdown	ONT	other_simple_repeat_frac	0.017557
hap_comparison	HiFi	correct_wilcoxon_stat	433.0
hap_comparison	HiFi	correct_wilcoxon_pvalue	4.6934e-01
hap_comparison	HiFi	correct_hap1_median	4.339
hap_comparison	HiFi	correct_hap2_median	3.852
hap_comparison	HiFi	misjoin_wilcoxon_stat	100.0
hap_comparison	HiFi	misjoin_wilcoxon_pvalue	5.8998e-01
hap_comparison	HiFi	misjoin_hap1_median	0.000
hap_comparison	HiFi	misjoin_hap2_median	0.000
hap_comparison	HiFi	het_or_mismap_wilcoxon_stat	64.0
hap_comparison	HiFi	het_or_mismap_wilcoxon_pvalue	2.0830e-01
hap_comparison	HiFi	het_or_mismap_hap1_median	0.000
hap_comparison	HiFi	het_or_mismap_hap2_median	0.000
hap_comparison	HiFi	low_quality_wilcoxon_stat	42.0
hap_comparison	HiFi	low_quality_wilcoxon_pvalue	4.9679e-01
hap_comparison	HiFi	low_quality_hap1_median	0.000
hap_comparison	HiFi	low_quality_hap2_median	0.000
hap_comparison	HiFi	deletion_wilcoxon_stat	52.5
hap_comparison	HiFi	deletion_wilcoxon_pvalue	6.7007e-01
hap_comparison	HiFi	deletion_hap1_median	0.000
hap_comparison	HiFi	deletion_hap2_median	0.000
hap_comparison	HiFi	insertion_wilcoxon_stat	90.0
hap_comparison	HiFi	insertion_wilcoxon_pvalue	8.3857e-01
hap_comparison	HiFi	insertion_hap1_median	0.000
hap_comparison	HiFi	insertion_hap2_median	0.000
hap_comparison	HiFi	mismatch_wilcoxon_stat	155.5
hap_comparison	HiFi	mismatch_wilcoxon_pvalue	8.5036e-01
hap_comparison	HiFi	mismatch_hap1_median	0.000
hap_comparison	HiFi	mismatch_hap2_median	0.000
hap_comparison	HiFi	softclip_wilcoxon_stat	45.5
hap_comparison	HiFi	softclip_wilcoxon_pvalue	6.5356e-01
hap_comparison	HiFi	softclip_hap1_median	0.000
hap_comparison	HiFi	softclip_hap2_median	0.000
hap_comparison	HiFi	homopolymer_wilcoxon_stat	31.5
hap_comparison	HiFi	homopolymer_wilcoxon_pvalue	8.9274e-01
hap_comparison	HiFi	homopolymer_hap1_median	0.000
hap_comparison	HiFi	homopolymer_hap2_median	0.000
hap_comparison	HiFi	simple_repeat_wilcoxon_stat	123.5
hap_comparison	HiFi	simple_repeat_wilcoxon_pvalue	1.1556e-01
hap_comparison	HiFi	simple_repeat_hap1_median	0.003
hap_comparison	HiFi	simple_repeat_hap2_median	0.000
hap_comparison	ONT	correct_wilcoxon_stat	320.0
hap_comparison	ONT	correct_wilcoxon_pvalue	2.5165e-02
hap_comparison	ONT	correct_hap1_median	5.554
hap_comparison	ONT	correct_hap2_median	3.313
hap_comparison	ONT	misjoin_wilcoxon_stat	15.5
hap_comparison	ONT	misjoin_wilcoxon_pvalue	4.0653e-01
hap_comparison	ONT	misjoin_hap1_median	0.000
hap_comparison	ONT	misjoin_hap2_median	0.000
hap_comparison	ONT	false_dup_wilcoxon_stat	0.0
hap_comparison	ONT	false_dup_wilcoxon_pvalue	3.1731e-01
hap_comparison	ONT	false_dup_hap1_median	0.000
hap_comparison	ONT	false_dup_hap2_median	0.000
hap_comparison	ONT	het_or_mismap_wilcoxon_stat	161.0
hap_comparison	ONT	het_or_mismap_wilcoxon_pvalue	3.2741e-02
hap_comparison	ONT	het_or_mismap_hap1_median	0.000
hap_comparison	ONT	het_or_mismap_hap2_median	0.463
hap_comparison	ONT	low_quality_wilcoxon_stat	1.5
hap_comparison	ONT	low_quality_wilcoxon_pvalue	4.1422e-01
hap_comparison	ONT	low_quality_hap1_median	0.000
hap_comparison	ONT	low_quality_hap2_median	0.000
hap_comparison	ONT	insertion_wilcoxon_stat	5.0
hap_comparison	ONT	insertion_wilcoxon_pvalue	4.7950e-01
hap_comparison	ONT	insertion_hap1_median	0.000
hap_comparison	ONT	insertion_hap2_median	0.000
hap_comparison	ONT	mismatch_wilcoxon_stat	1.5
hap_comparison	ONT	mismatch_wilcoxon_pvalue	1.0000e+00
hap_comparison	ONT	mismatch_hap1_median	0.000
hap_comparison	ONT	mismatch_hap2_median	0.000
hap_comparison	ONT	softclip_wilcoxon_stat	92.5
hap_comparison	ONT	softclip_wilcoxon_pvalue	3.9320e-01
hap_comparison	ONT	softclip_hap1_median	0.000
hap_comparison	ONT	softclip_hap2_median	0.000
hap_comparison	ONT	homopolymer_wilcoxon_stat	20.0
hap_comparison	ONT	homopolymer_wilcoxon_pvalue	4.0578e-02
hap_comparison	ONT	homopolymer_hap1_median	0.000
hap_comparison	ONT	homopolymer_hap2_median	0.000
hap_comparison	ONT	simple_repeat_wilcoxon_stat	35.0
hap_comparison	ONT	simple_repeat_wilcoxon_pvalue	7.5368e-01
hap_comparison	ONT	simple_repeat_hap1_median	0.000
hap_comparison	ONT	simple_repeat_hap2_median	0.000
