GCA_000001405.29_GRCh38.p14_genomic.chr	248956422,0.0806136	242193529,0.159037	198295559,0.223247	190214555,0.284839	181538259,0.343622	170805979,0.39893	159345973,0.450527	156040895,0.501054	145138636,0.548051	138394717,0.592864	135086622,0.636606	133797422,0.67993	133275309,0.723086	114364328,0.760118	107043718,0.794779	101991189,0.827804	90338345,0.857056	83257441,0.884016	80373285,0.910041	64444167,0.930908	58617616,0.949889	57227415,0.96842	50818468,0.984875	46709983,1	
GCA_000001405.29_GRCh38.p14_genomic	248956422,0.0754662	242193529,0.148882	198295559,0.208992	190214555,0.266652	181538259,0.321681	170805979,0.373458	159345973,0.42176	156040895,0.469061	145138636,0.513057	138394717,0.555009	135086622,0.595957	133797422,0.636515	133275309,0.676915	114364328,0.711583	107043718,0.744031	101991189,0.774947	90338345,0.802332	83257441,0.827569	80373285,0.851933	64444167,0.871468	58617616,0.889237	57227415,0.906584	50818468,0.921989	46709983,0.936148	6367528,0.938078	5500449,0.939746	5161414,0.94131	4998962,0.942825	4929269,0.94432	4827813,0.945783	4795265,0.947237	4677643,0.948655	4672374,0.950071	4606388,0.951467	4604811,0.952863	2877074,0.953735	2659700,0.954542	2365364,0.955259	2101585,0.955896	1927115,0.95648	1872759,0.957047	1821992,0.9576	1612928,0.958089	1572686,0.958565	1511111,0.959023	1423190,0.959455	1351393,0.959865	1154574,0.960215	1144418,0.960561	1111570,0.960898	1091841,0.961229	1066800,0.961553	1066390,0.961876	1064304,0.962199	1046838,0.962516	1020778,0.962825	1002683,0.963129	987716,0.963429	987100,0.963728	985506,0.964027	955087,0.964316	911658,0.964593	870480,0.964856	865743,0.965119	847441,0.965376	796479,0.965617	729520,0.965838	722645,0.966057	690932,0.966267	680662,0.966473	673059,0.966677	624492,0.966866	619716,0.967054	589656,0.967233	586476,0.967411	572349,0.967584	569668,0.967757	555799,0.967925	551020,0.968093	541038,0.968257	538541,0.96842	535251,0.968582	535088,0.968744	519485,0.968902	516764,0.969058	508332,0.969212	500581,0.969364	493165,0.969514	489404,0.969662	482250,0.969808	481245,0.969954	480415,0.9701	478999,0.970245	475876,0.970389	469342,0.970531	468267,0.970673	467143,0.970815	464417,0.970956	461303,0.971096	460100,0.971235	454963,0.971373	451168,0.97151	448248,0.971646	439082,0.971779	434831,0.971911	431782,0.972041	430880,0.972172	429744,0.972302	425601,0.972431	420675,0.972559	420164,0.972686	415308,0.972812	412368,0.972937	411654,0.973062	409912,0.973186	408271,0.97331	407387,0.973433	405389,0.973556	403128,0.973678	399183,0.973799	396515,0.97392	392061,0.974039	391357,0.974157	388773,0.974275	385657,0.974392	383128,0.974508	378547,0.974623	376187,0.974737	375691,0.974851	374415,0.974964	373699,0.975077	372839,0.97519	370917,0.975303	369264,0.975415	366580,0.975526	365499,0.975637	362221,0.975747	356766,0.975855	355731,0.975963	354444,0.97607	349938,0.976176	344606,0.976281	341066,0.976384	340717,0.976487	336752,0.976589	335159,0.976691	334997,0.976792	333754,0.976894	330493,0.976994	330164,0.977094	330031,0.977194	327382,0.977293	325800,0.977392	322166,0.97749	320750,0.977587	318687,0.977683	315610,0.977779	309802,0.977873	308682,0.977967	306913,0.97806	305979,0.978152	305841,0.978245	305542,0.978338	305244,0.97843	304135,0.978522	302885,0.978614	302485,0.978706	301637,0.978797	301310,0.978889	300230,0.97898	297568,0.97907	296895,0.97916	296527,0.97925	294119,0.979339	293522,0.979428	292944,0.979517	292436,0.979605	289831,0.979693	284971,0.97978	284869,0.979866	282736,0.979952	282224,0.980037	281919,0.980123	280839,0.980208	279644,0.980293	278659,0.980377	278131,0.980461	277797,0.980546	276292,0.980629	276109,0.980713	274009,0.980796	273725,0.980879	271782,0.980961	271455,0.981044	270967,0.981126	270122,0.981208	268330,0.981289	267463,0.98137	265876,0.981451	264545,0.981531	264228,0.981611	263666,0.981691	263054,0.981771	261194,0.98185	259914,0.981929	256271,0.982006	254759,0.982084	250447,0.982159	248807,0.982235	248252,0.98231	246895,0.982385	245716,0.982459	244917,0.982534	244725,0.982608	244096,0.982682	242796,0.982755	241058,0.982829	238139,0.982901	236512,0.982972	235827,0.983044	235734,0.983115	234878,0.983187	233762,0.983257	232857,0.983328	230843,0.983398	230434,0.983468	229282,0.983537	226852,0.983606	226166,0.983675	224108,0.983743	223995,0.983811	223625,0.983878	223118,0.983946	220246,0.984013	218612,0.984079	217075,0.984145	215732,0.98421	215443,0.984275	214625,0.984341	214158,0.984405	212205,0.98447	211934,0.984534	211377,0.984598	211173,0.984662	210658,0.984726	210426,0.98479	210133,0.984853	209988,0.984917	209722,0.984981	209709,0.985044	209586,0.985108	209512,0.985171	208405,0.985234	208149,0.985298	207371,0.98536	206320,0.985423	205944,0.985485	205691,0.985548	205407,0.98561	205312,0.985672	205194,0.985734	205101,0.985797	204999,0.985859	204239,0.985921	204059,0.985983	204007,0.986044	203552,0.986106	201709,0.986167	201197,0.986228	200998,0.986289	200773,0.98635	198735,0.98641	198278,0.98647	198005,0.98653	197752,0.98659	197536,0.98665	197351,0.98671	196688,0.98677	196384,0.986829	196262,0.986889	195710,0.986948	195063,0.987007	194050,0.987066	192531,0.987124	192462,0.987183	191684,0.987241	191469,0.987299	191409,0.987357	190932,0.987415	190869,0.987473	189707,0.98753	189352,0.987587	188315,0.987645	188024,0.987701	188004,0.987758	187935,0.987815	187626,0.987872	186739,0.987929	186494,0.987985	186262,0.988042	186203,0.988098	186169,0.988155	185823,0.988211	185591,0.988267	185507,0.988324	185285,0.98838	184516,0.988436	184499,0.988492	184404,0.988548	184319,0.988603	183433,0.988659	182896,0.988714	182439,0.98877	181958,0.988825	181920,0.98888	181658,0.988935	181496,0.98899	181167,0.989045	180703,0.9891	180671,0.989155	180306,0.989209	179932,0.989264	179772,0.989318	179693,0.989373	179254,0.989427	179198,0.989481	179043,0.989536	178921,0.98959	178197,0.989644	177381,0.989698	177092,0.989751	176845,0.989805	176674,0.989859	176608,0.989912	176103,0.989965	176043,0.990019	175849,0.990072	175808,0.990125	175055,0.990179	174808,0.990232	174749,0.990284	174385,0.990337	174166,0.99039	174061,0.990443	173649,0.990496	173459,0.990548	173151,0.990601	172810,0.990653	172708,0.990705	172609,0.990758	172555,0.99081	171798,0.990862	171286,0.990914	171263,0.990966	171027,0.991018	170928,0.99107	170701,0.991121	170698,0.991173	170680,0.991225	170665,0.991277	170537,0.991328	170399,0.99138	170222,0.991431	170206,0.991483	170148,0.991535	169178,0.991586	169136,0.991637	169134,0.991688	168472,0.99174	168146,0.99179	168131,0.991841	167999,0.991892	167950,0.991943	167313,0.991994	166743,0.992045	166713,0.992095	166540,0.992146	166200,0.992196	166136,0.992246	165834,0.992297	165718,0.992347	165607,0.992397	165419,0.992447	165120,0.992497	165050,0.992547	164789,0.992597	164558,0.992647	164536,0.992697	164239,0.992747	164170,0.992797	164041,0.992846	163926,0.992896	163882,0.992946	163749,0.992995	163458,0.993045	163186,0.993094	162988,0.993144	162896,0.993193	162811,0.993242	162429,0.993292	162212,0.993341	161802,0.99339	161578,0.993439	161471,0.993488	161218,0.993537	161147,0.993585	161095,0.993634	159547,0.993683	159285,0.993731	158983,0.993779	158965,0.993827	158944,0.993876	158759,0.993924	158166,0.993972	157952,0.994019	157710,0.994067	157432,0.994115	157099,0.994163	157053,0.99421	156998,0.994258	156965,0.994305	156562,0.994353	155930,0.9944	155864,0.994447	155532,0.994495	155397,0.994542	154723,0.994589	154407,0.994635	154139,0.994682	153799,0.994729	153027,0.994775	152874,0.994821	152148,0.994868	150754,0.994913	150742,0.994959	150302,0.995004	148850,0.99505	148762,0.995095	145975,0.995139	145691,0.995183	145606,0.995227	145162,0.995271	144689,0.995315	144206,0.995359	143900,0.995402	143390,0.995446	142129,0.995489	141812,0.995532	141019,0.995575	140877,0.995617	140567,0.99566	140361,0.995703	140355,0.995745	139427,0.995787	139087,0.99583	138655,0.995872	138126,0.995913	138019,0.995955	137908,0.995997	137818,0.996039	137721,0.996081	137718,0.996122	136959,0.996164	136240,0.996205	135987,0.996246	134193,0.996287	134099,0.996328	133535,0.996368	133151,0.996409	133041,0.996449	132244,0.996489	131892,0.996529	130957,0.996569	128386,0.996608	127682,0.996646	126434,0.996685	126136,0.996723	125549,0.996761	124736,0.996799	123821,0.996836	123480,0.996874	123111,0.996911	122722,0.996948	122022,0.996985	120804,0.997022	120616,0.997058	120381,0.997095	119912,0.997131	119498,0.997167	119183,0.997204	118774,0.99724	116753,0.997275	116689,0.99731	113364,0.997345	113034,0.997379	112551,0.997413	112505,0.997447	111943,0.997481	111737,0.997515	110395,0.997548	110268,0.997582	110099,0.997615	109528,0.997648	109323,0.997682	109187,0.997715	108875,0.997748	108763,0.997781	106905,0.997813	106711,0.997845	105527,0.997877	104552,0.997909	104537,0.997941	103838,0.997972	103832,0.998004	103072,0.998035	101331,0.998066	101241,0.998096	101150,0.998127	101040,0.998158	100553,0.998188	100316,0.998219	99845,0.998249	99375,0.998279	97763,0.998309	96924,0.998338	96131,0.998367	93321,0.998395	93070,0.998424	92983,0.998452	92689,0.99848	91309,0.998508	90922,0.998535	90219,0.998562	89956,0.99859	89672,0.998617	89211,0.998644	88070,0.998671	87715,0.998697	86533,0.998724	85284,0.998749	84043,0.998775	82728,0.9988	82692,0.998825	82315,0.99885	79590,0.998874	78609,0.998898	76752,0.998921	76061,0.998944	75005,0.998967	74653,0.99899	74013,0.999012	73985,0.999034	73265,0.999057	71551,0.999078	71251,0.9991	70887,0.999121	70345,0.999143	68810,0.999164	68192,0.999184	67707,0.999205	66860,0.999225	66486,0.999245	65394,0.999265	64689,0.999285	63982,0.999304	63917,0.999323	62944,0.999343	61734,0.999361	60032,0.999379	59016,0.999397	58661,0.999415	56695,0.999432	56134,0.999449	53476,0.999465	52969,0.999482	50258,0.999497	48370,0.999511	45257,0.999525	44955,0.999539	44474,0.999552	43739,0.999566	43156,0.999579	42811,0.999592	42210,0.999604	41891,0.999617	41717,0.99963	41543,0.999642	40745,0.999655	40191,0.999667	40176,0.999679	40090,0.999691	40062,0.999703	39555,0.999715	39290,0.999727	39050,0.999739	38115,0.999751	38054,0.999762	37690,0.999774	37287,0.999785	37240,0.999796	36723,0.999807	36640,0.999818	35455,0.999829	34400,0.99984	32032,0.999849	31033,0.999859	28824,0.999867	27745,0.999876	25408,0.999884	22689,0.99989	21476,0.999897	17435,0.999902	16569,0.999907	15008,0.999912	14678,0.999916	14347,0.999921	12399,0.999924	12295,0.999928	8320,0.999931	8127,0.999933	7992,0.999935	7642,0.999938	7309,0.99994	7046,0.999942	6504,0.999944	6361,0.999946	6158,0.999948	5796,0.99995	5674,0.999951	5353,0.999953	4685,0.999954	4513,0.999956	4416,0.999957	4215,0.999958	4055,0.99996	3920,0.999961	3530,0.999962	3253,0.999963	3041,0.999964	2983,0.999965	2969,0.999966	2855,0.999966	2805,0.999967	2699,0.999968	2656,0.999969	2646,0.99997	2489,0.999971	2415,0.999971	2387,0.999972	2378,0.999973	2321,0.999973	2318,0.999974	2276,0.999975	2274,0.999975	2186,0.999976	2168,0.999977	2165,0.999977	2145,0.999978	2140,0.999979	2043,0.999979	1951,0.99998	1942,0.999981	1930,0.999981	1899,0.999982	1884,0.999982	1880,0.999983	1803,0.999983	1788,0.999984	1774,0.999984	1750,0.999985	1658,0.999986	1652,0.999986	1650,0.999987	1599,0.999987	1553,0.999987	1537,0.999988	1484,0.999988	1472,0.999989	1451,0.999989	1445,0.99999	1444,0.99999	1428,0.999991	1428,0.999991	1400,0.999991	1368,0.999992	1361,0.999992	1308,0.999993	1300,0.999993	1298,0.999993	1233,0.999994	1216,0.999994	1202,0.999995	1201,0.999995	1179,0.999995	1143,0.999996	1136,0.999996	1121,0.999996	1048,0.999997	1048,0.999997	1045,0.999997	1040,0.999998	1029,0.999998	1026,0.999998	998,0.999999	993,0.999999	990,0.999999	981,0.999999	971,1	970,1	
GCA_009914755.4_T2T-CHM13v2.0_genomic.chr	248387328,0.0796805	242696752,0.157535	201105948,0.222048	193574945,0.284146	182045439,0.342544	172126628,0.397761	160567428,0.44927	154259566,0.498755	150617247,0.547071	146259331,0.59399	135127769,0.637338	134758134,0.680567	133324548,0.723336	113566686,0.759768	101161492,0.792219	99753195,0.824219	96330374,0.855121	84276897,0.882157	80542538,0.907994	66210255,0.929234	62460029,0.94927	61707364,0.969065	51324926,0.98553	45090682,0.999995	16569,1	
GCA_009914755.4_T2T-CHM13v2.0_genomic	248387328,0.0796805	242696752,0.157535	201105948,0.222048	193574945,0.284146	182045439,0.342544	172126628,0.397761	160567428,0.44927	154259566,0.498755	150617247,0.547071	146259331,0.59399	135127769,0.637338	134758134,0.680567	133324548,0.723336	113566686,0.759768	101161492,0.792219	99753195,0.824219	96330374,0.855121	84276897,0.882157	80542538,0.907994	66210255,0.929234	62460029,0.94927	61707364,0.969065	51324926,0.98553	45090682,0.999995	16569,1	
GCA_018852605.3_hg002v1.1.pat_genomic	252060741,0.0855053	241873532,0.167555	201513538,0.235913	192384017,0.301175	188875552,0.365246	174411882,0.424411	160104414,0.478722	146786823,0.528516	135711605,0.574553	133990155,0.620006	133573713,0.665317	131519435,0.709932	109226264,0.746984	105804016,0.782876	96256967,0.815529	93613879,0.847285	84843407,0.876066	80778407,0.903468	67035379,0.926208	62432599,0.947387	61355724,0.9682	49430517,0.984968	44312598,1	
GCA_018852615.3_hg002v1.1.mat_genomic.chr	244022067,0.0799676	242114397,0.15931	201097962,0.225211	191669995,0.288023	183262120,0.348079	174742601,0.405343	160955030,0.458089	154341397,0.508668	146740677,0.556755	143803229,0.603881	135899001,0.648416	135235771,0.692733	133580557,0.736508	113336972,0.77365	108656801,0.809257	100881320,0.842317	90398409,0.871941	83770182,0.899393	78908764,0.925252	66071306,0.946904	61317335,0.966998	53395367,0.984496	47311724,1	
GCA_018852615.3_hg002v1.1.mat_genomic	244022067,0.0799671	242114397,0.159309	201097962,0.22521	191669995,0.288021	183262120,0.348077	174742601,0.405341	160955030,0.458086	154341397,0.508665	146740677,0.556752	143803229,0.603877	135899001,0.648412	135235771,0.692729	133580557,0.736504	113336972,0.773645	108656801,0.809253	100881320,0.842312	90398409,0.871936	83770182,0.899388	78908764,0.925247	66071306,0.946898	61317335,0.966992	53395367,0.98449	47311724,0.999995	16570,1	
GCA_050656315.1_RPE1V1.1_Haplotype_2_genomic.chr	246029683,0.082179	242154731,0.163064	201810617,0.230473	191569848,0.294461	181537949,0.355098	172484233,0.412712	160431239,0.466299	154368220,0.517861	145016226,0.566299	141000299,0.613396	135257176,0.658575	134604704,0.703536	133212390,0.748032	103308910,0.782539	95818454,0.814544	90313710,0.844711	90244609,0.874854	82817096,0.902517	76658275,0.928122	66327865,0.950277	61496696,0.970818	47559405,0.986704	39805135,1	
GCA_050656315.1_RPE1V1.1_Haplotype_2_genomic	246029683,0.0802569	242154731,0.15925	201810617,0.225082	191569848,0.287574	181537949,0.346793	172484233,0.403059	160431239,0.455393	154368220,0.505749	145016226,0.553054	141000299,0.59905	135257176,0.643172	134604704,0.687081	133212390,0.730536	103308910,0.764236	95818454,0.795493	90313710,0.824954	90244609,0.854392	82817096,0.881408	76658275,0.906415	66327865,0.928051	61496696,0.948112	47559405,0.963626	39805135,0.976611	3538889,0.977765	3391143,0.978872	3116403,0.979888	2806100,0.980804	2727936,0.981694	2575218,0.982534	2325749,0.983292	2216024,0.984015	1970711,0.984658	1829633,0.985255	1630148,0.985787	1583612,0.986303	1540821,0.986806	909231,0.987102	759133,0.98735	756678,0.987597	739390,0.987838	731438,0.988077	715994,0.98831	476653,0.988466	476356,0.988621	465092,0.988773	459349,0.988923	453372,0.989071	388294,0.989197	386941,0.989323	358570,0.98944	334286,0.98955	302068,0.989648	299910,0.989746	295551,0.989842	272763,0.989931	265561,0.990018	262085,0.990103	257588,0.990187	253667,0.99027	245587,0.99035	241106,0.990429	237422,0.990506	236662,0.990584	222363,0.990656	211210,0.990725	209096,0.990793	206092,0.99086	204981,0.990927	198591,0.990992	193934,0.991055	189813,0.991117	180381,0.991176	173449,0.991233	169748,0.991288	167224,0.991343	165506,0.991397	163347,0.99145	160615,0.991502	156818,0.991553	156691,0.991605	155318,0.991655	155239,0.991706	153632,0.991756	153616,0.991806	152328,0.991856	150841,0.991905	150001,0.991954	148393,0.992002	145947,0.99205	143594,0.992097	143408,0.992144	143397,0.99219	142962,0.992237	142832,0.992284	142361,0.99233	141602,0.992376	140239,0.992422	139994,0.992468	138923,0.992513	137428,0.992558	135651,0.992602	135347,0.992646	132387,0.992689	131979,0.992732	131442,0.992775	131079,0.992818	124494,0.992859	124361,0.992899	123962,0.99294	122261,0.99298	117727,0.993018	116926,0.993056	115788,0.993094	114857,0.993131	114386,0.993169	114291,0.993206	113445,0.993243	112262,0.99328	111762,0.993316	111451,0.993352	111373,0.993389	109438,0.993424	108967,0.99346	107808,0.993495	107647,0.99353	107282,0.993565	106394,0.9936	105692,0.993634	105630,0.993669	105417,0.993703	104986,0.993737	104808,0.993772	104653,0.993806	104076,0.99384	103954,0.993874	103409,0.993907	102099,0.993941	101982,0.993974	101757,0.994007	101462,0.99404	99695,0.994073	99032,0.994105	98143,0.994137	97371,0.994169	96933,0.9942	95890,0.994232	94517,0.994263	94099,0.994293	93016,0.994324	92874,0.994354	91677,0.994384	90895,0.994414	89377,0.994443	87659,0.994471	86532,0.994499	86107,0.994528	85540,0.994555	84961,0.994583	84527,0.994611	84357,0.994638	83301,0.994665	83301,0.994693	82103,0.994719	82000,0.994746	81524,0.994773	80502,0.994799	80308,0.994825	80137,0.994851	79468,0.994877	78979,0.994903	77480,0.994928	76852,0.994953	76081,0.994978	75706,0.995003	74610,0.995027	74401,0.995052	73593,0.995076	73542,0.995099	72655,0.995123	72431,0.995147	71785,0.99517	71131,0.995193	70999,0.995217	70861,0.99524	70169,0.995263	70072,0.995285	69726,0.995308	68486,0.995331	67422,0.995353	67024,0.995374	65827,0.995396	65817,0.995417	65521,0.995439	65495,0.99546	65005,0.995481	64875,0.995502	64440,0.995523	64413,0.995544	64139,0.995565	62708,0.995586	62336,0.995606	62112,0.995626	61505,0.995647	59644,0.995666	59499,0.995685	59048,0.995705	58902,0.995724	58866,0.995743	58595,0.995762	58590,0.995781	58543,0.9958	58530,0.995819	58301,0.995839	58096,0.995857	58061,0.995876	57784,0.995895	57659,0.995914	57496,0.995933	57306,0.995952	57178,0.99597	57083,0.995989	56539,0.996007	55972,0.996025	55542,0.996044	55526,0.996062	55459,0.99608	55396,0.996098	54879,0.996116	54341,0.996134	53929,0.996151	53891,0.996169	53497,0.996186	53348,0.996204	53193,0.996221	53186,0.996238	52193,0.996255	51501,0.996272	51045,0.996289	50544,0.996305	50331,0.996322	50232,0.996338	49834,0.996354	49564,0.99637	49499,0.996387	49085,0.996403	48977,0.996419	48801,0.996434	48739,0.99645	48488,0.996466	48314,0.996482	47764,0.996498	47217,0.996513	46815,0.996528	46446,0.996543	46130,0.996558	46022,0.996573	45963,0.996588	45960,0.996603	45864,0.996618	45706,0.996633	45548,0.996648	45512,0.996663	45490,0.996678	45359,0.996693	45306,0.996707	45163,0.996722	45155,0.996737	44915,0.996752	44198,0.996766	43903,0.99678	43877,0.996795	43773,0.996809	43695,0.996823	43635,0.996837	43571,0.996852	43555,0.996866	43253,0.99688	43252,0.996894	42986,0.996908	42649,0.996922	42221,0.996936	42195,0.996949	41894,0.996963	41716,0.996977	41512,0.99699	41296,0.997004	41180,0.997017	41169,0.997031	41058,0.997044	41034,0.997057	40828,0.997071	40772,0.997084	39945,0.997097	39936,0.99711	39773,0.997123	39633,0.997136	39610,0.997149	39480,0.997162	39254,0.997175	39120,0.997187	39043,0.9972	38737,0.997213	38608,0.997225	38243,0.997238	38158,0.99725	37837,0.997263	37186,0.997275	37181,0.997287	37067,0.997299	36952,0.997311	36601,0.997323	36561,0.997335	36471,0.997347	36462,0.997359	36388,0.99737	36004,0.997382	35813,0.997394	35799,0.997406	35707,0.997417	35674,0.997429	35563,0.99744	35495,0.997452	35193,0.997464	34967,0.997475	34966,0.997486	34966,0.997498	34798,0.997509	34757,0.99752	34754,0.997532	34753,0.997543	34743,0.997554	34736,0.997566	34573,0.997577	34525,0.997588	34478,0.9976	34403,0.997611	34302,0.997622	34263,0.997633	34245,0.997644	34208,0.997655	34192,0.997667	34163,0.997678	33895,0.997689	33806,0.9977	33700,0.997711	33667,0.997722	33520,0.997733	33491,0.997744	33427,0.997755	33415,0.997766	33361,0.997776	33270,0.997787	33180,0.997798	33067,0.997809	33021,0.99782	32789,0.99783	32717,0.997841	32615,0.997852	32466,0.997862	32435,0.997873	32379,0.997883	32318,0.997894	32260,0.997904	32258,0.997915	32258,0.997925	32254,0.997936	32122,0.997946	31810,0.997957	31636,0.997967	31559,0.997977	31547,0.997988	31489,0.997998	31391,0.998008	31257,0.998018	31212,0.998029	31183,0.998039	31183,0.998049	31067,0.998059	30923,0.998069	30848,0.998079	30728,0.998089	30719,0.998099	30546,0.998109	30499,0.998119	30467,0.998129	30373,0.998139	29953,0.998149	29870,0.998159	29777,0.998168	29758,0.998178	29743,0.998188	29657,0.998197	29652,0.998207	29555,0.998217	29548,0.998226	29383,0.998236	29353,0.998246	29222,0.998255	29186,0.998265	28951,0.998274	28785,0.998283	28694,0.998293	28689,0.998302	28590,0.998311	28464,0.998321	28405,0.99833	28356,0.998339	28337,0.998348	28219,0.998358	28181,0.998367	28099,0.998376	27939,0.998385	27873,0.998394	27731,0.998403	27713,0.998412	27670,0.998421	27553,0.99843	27491,0.998439	27361,0.998448	27322,0.998457	27191,0.998466	27007,0.998475	26976,0.998484	26956,0.998492	26943,0.998501	26935,0.99851	26675,0.998519	26664,0.998527	26525,0.998536	26416,0.998545	26321,0.998553	26292,0.998562	25827,0.99857	25607,0.998579	25497,0.998587	25446,0.998595	25424,0.998604	25368,0.998612	25254,0.99862	25246,0.998628	25186,0.998637	25185,0.998645	25142,0.998653	25090,0.998661	25066,0.998669	25057,0.998677	25053,0.998686	25022,0.998694	24939,0.998702	24858,0.99871	24700,0.998718	24596,0.998726	24584,0.998734	24395,0.998742	24256,0.99875	24245,0.998758	24210,0.998766	24166,0.998774	24111,0.998782	24082,0.998789	24029,0.998797	24013,0.998805	23926,0.998813	23896,0.998821	23883,0.998828	23811,0.998836	23754,0.998844	23679,0.998852	23534,0.998859	23498,0.998867	23493,0.998875	23492,0.998882	23416,0.99889	23287,0.998898	23066,0.998905	23026,0.998913	22993,0.99892	22992,0.998928	22897,0.998935	22867,0.998943	22782,0.99895	22772,0.998957	22764,0.998965	22738,0.998972	22729,0.99898	22728,0.998987	22715,0.998995	22662,0.999002	22591,0.999009	22588,0.999017	22480,0.999024	22372,0.999031	22171,0.999039	22074,0.999046	21967,0.999053	21888,0.99906	21756,0.999067	21711,0.999074	21628,0.999081	21594,0.999088	21531,0.999095	21476,0.999102	21371,0.999109	21319,0.999116	21154,0.999123	21074,0.99913	20948,0.999137	20941,0.999144	20853,0.999151	20837,0.999157	20829,0.999164	20793,0.999171	20742,0.999178	20689,0.999184	20621,0.999191	20552,0.999198	20409,0.999204	20366,0.999211	20251,0.999218	20195,0.999224	20095,0.999231	19929,0.999237	19859,0.999244	19771,0.99925	19769,0.999257	19496,0.999263	19446,0.999269	19293,0.999276	19288,0.999282	19276,0.999288	19233,0.999295	19169,0.999301	19035,0.999307	18964,0.999313	18935,0.999319	18923,0.999326	18891,0.999332	18818,0.999338	18807,0.999344	18744,0.99935	18717,0.999356	18562,0.999362	18510,0.999368	18478,0.999374	18457,0.99938	18427,0.999386	18410,0.999392	18387,0.999398	18236,0.999404	18221,0.99941	18220,0.999416	18176,0.999422	18050,0.999428	18045,0.999434	17896,0.99944	17876,0.999446	17825,0.999451	17766,0.999457	17750,0.999463	17682,0.999469	17678,0.999475	17665,0.99948	17631,0.999486	17603,0.999492	17572,0.999498	17490,0.999503	17391,0.999509	17334,0.999515	17262,0.99952	17097,0.999526	16996,0.999531	16813,0.999537	16762,0.999542	16719,0.999548	16622,0.999553	16558,0.999559	16453,0.999564	16443,0.999569	16389,0.999575	16339,0.99958	16329,0.999585	16307,0.999591	16259,0.999596	16216,0.999601	16162,0.999606	16121,0.999612	16090,0.999617	16090,0.999622	16049,0.999627	15986,0.999633	15940,0.999638	15905,0.999643	15882,0.999648	15740,0.999653	15731,0.999659	15624,0.999664	15559,0.999669	15295,0.999674	15195,0.999679	15190,0.999684	15108,0.999689	15067,0.999693	15023,0.999698	14835,0.999703	14671,0.999708	14670,0.999713	14558,0.999718	14448,0.999722	14405,0.999727	14165,0.999732	14101,0.999736	13844,0.999741	13783,0.999745	13716,0.99975	13700,0.999754	13593,0.999759	13592,0.999763	13586,0.999767	13578,0.999772	13552,0.999776	13498,0.999781	13422,0.999785	13341,0.999789	13253,0.999794	13236,0.999798	13067,0.999802	12836,0.999806	12765,0.999811	12760,0.999815	12756,0.999819	12680,0.999823	12653,0.999827	12634,0.999831	12550,0.999835	12491,0.99984	12451,0.999844	12426,0.999848	12387,0.999852	12324,0.999856	11804,0.99986	11695,0.999863	11364,0.999867	11280,0.999871	11261,0.999874	11113,0.999878	10901,0.999882	10883,0.999885	10801,0.999889	10734,0.999892	10688,0.999896	10684,0.999899	10481,0.999903	10476,0.999906	10342,0.999909	10013,0.999913	9914,0.999916	9840,0.999919	9767,0.999922	9713,0.999925	9580,0.999929	9557,0.999932	9301,0.999935	9298,0.999938	9153,0.999941	9145,0.999944	9042,0.999947	8764,0.999949	8684,0.999952	8613,0.999955	8574,0.999958	8162,0.999961	8079,0.999963	8062,0.999966	8007,0.999968	7839,0.999971	7838,0.999974	7775,0.999976	7557,0.999979	7488,0.999981	7471,0.999983	7161,0.999986	7114,0.999988	6954,0.99999	6838,0.999993	6772,0.999995	6110,0.999997	5796,0.999999	3928,1	
GCA_050656345.1_RPE1V1.1_Haplotype_1_genomic.chr	245130294,0.0800021	242677997,0.159204	227216509,0.23336	198760623,0.298228	192622708,0.361094	182259134,0.420577	172045469,0.476726	163647842,0.530135	145680301,0.577681	137521496,0.622563	134988382,0.666618	134265560,0.710438	133236650,0.753922	101016140,0.78689	97561019,0.818731	95272790,0.849824	89874073,0.879156	82991728,0.906242	76653175,0.931259	65674320,0.952693	60904190,0.97257	45250002,0.987338	38797553,1	
GCA_050656345.1_RPE1V1.1_Haplotype_1_genomic	245130294,0.0800021	242677997,0.159204	227216509,0.23336	198760623,0.298228	192622708,0.361094	182259134,0.420577	172045469,0.476726	163647842,0.530135	145680301,0.577681	137521496,0.622563	134988382,0.666618	134265560,0.710438	133236650,0.753922	101016140,0.78689	97561019,0.818731	95272790,0.849824	89874073,0.879156	82991728,0.906242	76653175,0.931259	65674320,0.952693	60904190,0.97257	45250002,0.987338	38797553,1	
H9_T2T_v0.1_hap1	250382078,0.0823539	242438398,0.162095	200940782,0.228187	193253728,0.291751	186212366,0.352998	173051588,0.409917	161716607,0.463108	155153153,0.51414	145465483,0.561985	135918162,0.606691	134385439,0.650892	133922055,0.69494	133376810,0.73881	107377685,0.774128	102710047,0.80791	96346030,0.8396	96215701,0.871246	86176721,0.899591	77553665,0.925099	69461520,0.947946	66775821,0.96991	47079544,0.985395	44404722,1	
H9_T2T_v0.1_hap2	243198671,0.0805741	242142825,0.160798	202683022,0.227949	191171759,0.291286	182409348,0.35172	172871300,0.408994	161232845,0.462412	153704768,0.513336	145868755,0.561664	136138868,0.606768	135648429,0.65171	135032811,0.696447	134127282,0.740885	112572639,0.778181	101767573,0.811898	96851046,0.843986	87971686,0.873132	83829559,0.900905	80564282,0.927597	65603693,0.949332	61548830,0.969724	48623973,0.985833	42759301,1	
I002Cv0.7.hap1	242176107,0.0822127	240446285,0.163838	204294835,0.233191	191745227,0.298284	182472591,0.360228	172412809,0.418758	160308990,0.473179	146271674,0.522835	140164118,0.570417	135205788,0.616316	134340068,0.661921	134118977,0.707451	108244620,0.744197	102439339,0.778973	100863189,0.813213	94735352,0.845373	83111570,0.873588	82342587,0.901541	69043653,0.92498	65007515,0.947048	56570994,0.966252	52466855,0.984064	46944529,1	
I002Cv0.7.hap2	248170523,0.0818425	242404874,0.161783	200700833,0.227971	192944928,0.291601	183123210,0.351992	172146117,0.408763	161909207,0.462158	154891388,0.513239	146060262,0.561407	141458642,0.608057	135170001,0.652634	134179017,0.696884	132938415,0.740725	107299390,0.776111	99548987,0.80894	93821800,0.839881	93376139,0.870675	83993077,0.898374	80863103,0.925042	67964196,0.947455	60669337,0.967463	52826281,0.984884	45836013,1	
