file_number,phrase,trc,readID,telo_length
m84091_241205_180120_s2.hifi_reads.bc1003.fastq,4,0.774,m84091_241205_180120_s2/250483469/ccs,850
m84091_241205_180120_s2.hifi_reads.bc1003.fastq,4,0.720,m84091_241205_180120_s2/227544218/ccs,970
m84091_241205_180120_s2.hifi_reads.bc1003.fastq,4,0.846,m84091_241205_180120_s2/214896773/ccs,2800
m84091_241205_180120_s2.hifi_reads.bc1003.fastq,4,0.906,m84091_241205_180120_s2/239670621/ccs,880
m84091_241205_180120_s2.hifi_reads.bc1003.fastq,4,0.804,m84091_241205_180120_s2/240717589/ccs,1300
m84091_241205_180120_s2.hifi_reads.bc1003.fastq,4,0.900,m84091_241205_180120_s2/264244871/ccs,1360
m84091_241205_180120_s2.hifi_reads.bc1003.fastq,4,0.750,m84091_241205_180120_s2/216930055/ccs,1420
m84091_241205_180120_s2.hifi_reads.bc1003.fastq,4,0.720,m84091_241205_180120_s2/232984365/ccs,2410
m84091_241205_180120_s2.hifi_reads.bc1003.fastq,4,0.702,m84091_241205_180120_s2/259264868/ccs,1390
m84091_241205_180120_s2.hifi_reads.bc1003.fastq,4,0.768,m84091_241205_180120_s2/242880835/ccs,1750
m84091_241205_180120_s2.hifi_reads.bc1003.fastq,4,0.996,m84091_241205_180120_s2/216077755/ccs,4300
m84091_241205_180120_s2.hifi_reads.bc1003.fastq,4,0.858,m84091_241205_180120_s2/68223297/ccs,1060
m84091_241205_180120_s2.hifi_reads.bc1003.fastq,4,0.996,m84091_241205_180120_s2/27396563/ccs,4360
m84091_241205_180120_s2.hifi_reads.bc1003.fastq,4,0.708,m84091_241205_180120_s2/69271928/ccs,910
m84091_241205_180120_s2.hifi_reads.bc1003.fastq,4,0.990,m84091_241205_180120_s2/59312890/ccs,4630
m84091_241205_180120_s2.hifi_reads.bc1003.fastq,4,0.864,m84091_241205_180120_s2/12714152/ccs,1270
m84091_241205_180120_s2.hifi_reads.bc1003.fastq,4,0.978,m84091_241205_180120_s2/39389228/ccs,1480
m84091_241205_180120_s2.hifi_reads.bc1003.fastq,4,0.888,m84091_241205_180120_s2/16451460/ccs,1180
m84091_241205_180120_s2.hifi_reads.bc1003.fastq,4,1.050,m84091_241205_180120_s2/54921408/ccs,1060
m84091_241205_180120_s2.hifi_reads.bc1003.fastq,4,0.864,m84091_241205_180120_s2/95094774/ccs,760
m84091_241205_180120_s2.hifi_reads.bc1003.fastq,4,0.858,m84091_241205_180120_s2/67897317/ccs,760
m84091_241205_180120_s2.hifi_reads.bc1003.fastq,4,0.714,m84091_241205_180120_s2/14353432/ccs,1870
m84091_241205_180120_s2.hifi_reads.bc1003.fastq,4,0.984,m84091_241205_180120_s2/61932364/ccs,4360
m84091_241205_180120_s2.hifi_reads.bc1003.fastq,4,0.840,m84091_241205_180120_s2/23724757/ccs,850
m84091_241205_180120_s2.hifi_reads.bc1003.fastq,4,0.894,m84091_241205_180120_s2/57739880/ccs,1150
m84091_241205_180120_s2.hifi_reads.bc1003.fastq,4,0.990,m84091_241205_180120_s2/56295981/ccs,4300
m84091_241205_180120_s2.hifi_reads.bc1003.fastq,4,0.756,m84091_241205_180120_s2/59901601/ccs,1000
m84091_241205_180120_s2.hifi_reads.bc1003.fastq,4,0.708,m84091_241205_180120_s2/54855772/ccs,790
m84091_241205_180120_s2.hifi_reads.bc1003.fastq,4,0.972,m84091_241205_180120_s2/67437330/ccs,1750
m84091_241205_180120_s2.hifi_reads.bc1003.fastq,4,0.726,m84091_241205_180120_s2/42010667/ccs,1180
m84091_241205_180120_s2.hifi_reads.bc1003.fastq,4,0.846,m84091_241205_180120_s2/38930282/ccs,850
m84091_241205_180120_s2.hifi_reads.bc1003.fastq,4,0.882,m84091_241205_180120_s2/72483104/ccs,2260
m84091_241205_180120_s2.hifi_reads.bc1003.fastq,4,0.972,m84091_241205_180120_s2/109183718/ccs,7330
m84091_241205_180120_s2.hifi_reads.bc1003.fastq,4,0.996,m84091_241205_180120_s2/102959523/ccs,4540
m84091_241205_180120_s2.hifi_reads.bc1003.fastq,4,0.942,m84091_241205_180120_s2/94961784/ccs,2980
m84091_241205_180120_s2.hifi_reads.bc1003.fastq,4,0.960,m84091_241205_180120_s2/122096394/ccs,1000
m84091_241205_180120_s2.hifi_reads.bc1003.fastq,4,0.708,m84091_241205_180120_s2/128321975/ccs,1540
m84091_241205_180120_s2.hifi_reads.bc1003.fastq,4,0.726,m84091_241205_180120_s2/104137002/ccs,2200
m84091_241205_180120_s2.hifi_reads.bc1003.fastq,4,0.732,m84091_241205_180120_s2/96534671/ccs,1060
m84091_241205_180120_s2.hifi_reads.bc1003.fastq,4,0.720,m84091_241205_180120_s2/162398316/ccs,760
m84091_241205_180120_s2.hifi_reads.bc1003.fastq,4,0.714,m84091_241205_180120_s2/72549424/ccs,670
m84091_241205_180120_s2.hifi_reads.bc1003.fastq,4,0.822,m84091_241205_180120_s2/107218625/ccs,1030
m84091_241205_180120_s2.hifi_reads.bc1003.fastq,4,0.996,m84091_241205_180120_s2/102762473/ccs,6580
m84091_241205_180120_s2.hifi_reads.bc1003.fastq,4,0.972,m84091_241205_180120_s2/137694169/ccs,5710
m84091_241205_180120_s2.hifi_reads.bc1003.fastq,4,0.978,m84091_241205_180120_s2/106037412/ccs,4480
m84091_241205_180120_s2.hifi_reads.bc1003.fastq,4,1.002,m84091_241205_180120_s2/156633938/ccs,4570
m84091_241205_180120_s2.hifi_reads.bc1003.fastq,4,0.936,m84091_241205_180120_s2/94962481/ccs,1540
m84091_241205_180120_s2.hifi_reads.bc1003.fastq,4,1.080,m84091_241205_180120_s2/116655164/ccs,1120
m84091_241205_180120_s2.hifi_reads.bc1003.fastq,4,0.792,m84091_241205_180120_s2/120195623/ccs,1090
m84091_241205_180120_s2.hifi_reads.bc1003.fastq,4,0.984,m84091_241205_180120_s2/124190890/ccs,5290
m84091_241205_180120_s2.hifi_reads.bc1003.fastq,4,0.990,m84091_241205_180120_s2/81201766/ccs,2980
m84091_241205_180120_s2.hifi_reads.bc1003.fastq,4,0.798,m84091_241205_180120_s2/98566815/ccs,1000
m84091_241205_180120_s2.hifi_reads.bc1003.fastq,4,0.786,m84091_241205_180120_s2/134349108/ccs,910
m84091_241205_180120_s2.hifi_reads.bc1003.fastq,4,1.002,m84091_241205_180120_s2/96338291/ccs,5320
m84091_241205_180120_s2.hifi_reads.bc1003.fastq,4,0.984,m84091_241205_180120_s2/118816857/ccs,3550
m84091_241205_180120_s2.hifi_reads.bc1003.fastq,4,0.936,m84091_241205_180120_s2/104532745/ccs,2170
m84091_241205_180120_s2.hifi_reads.bc1003.fastq,4,0.792,m84091_241205_180120_s2/113967887/ccs,1000
m84091_241205_180120_s2.hifi_reads.bc1003.fastq,4,0.816,m84091_241205_180120_s2/198443128/ccs,970
m84091_241205_180120_s2.hifi_reads.bc1003.fastq,4,0.726,m84091_241205_180120_s2/158534395/ccs,1210
m84091_241205_180120_s2.hifi_reads.bc1003.fastq,4,0.990,m84091_241205_180120_s2/153617003/ccs,1060
m84091_241205_180120_s2.hifi_reads.bc1003.fastq,4,0.882,m84091_241205_180120_s2/174458553/ccs,820
m84091_241205_180120_s2.hifi_reads.bc1003.fastq,4,0.924,m84091_241205_180120_s2/188550087/ccs,2050
m84091_241205_180120_s2.hifi_reads.bc1003.fastq,4,0.984,m84091_241205_180120_s2/169936778/ccs,2830
m84091_241205_180120_s2.hifi_reads.bc1003.fastq,4,0.888,m84091_241205_180120_s2/203032513/ccs,1600
m84091_241205_180120_s2.hifi_reads.bc1003.fastq,4,0.996,m84091_241205_180120_s2/182848083/ccs,6670
m84091_241205_180120_s2.hifi_reads.bc1003.fastq,4,0.996,m84091_241205_180120_s2/179373763/ccs,5980
m84091_241205_180120_s2.hifi_reads.bc1003.fastq,4,0.906,m84091_241205_180120_s2/181012343/ccs,2290
m84091_241205_180120_s2.hifi_reads.bc1003.fastq,4,0.780,m84091_241205_180120_s2/197394509/ccs,2020
m84091_241205_180120_s2.hifi_reads.bc1003.fastq,4,0.762,m84091_241205_180120_s2/181863761/ccs,1660
m84091_241205_180120_s2.hifi_reads.bc1003.fastq,4,0.966,m84091_241205_180120_s2/265291962/ccs,1000
m84091_241205_180120_s2.hifi_reads.bc1003.fastq,4,0.984,m84091_241205_180120_s2/30805044/ccs,5950
m84091_241205_180120_s2.hifi_reads.bc1003.fastq,4,0.942,m84091_241205_180120_s2/254543245/ccs,1030
m84091_241205_180120_s2.hifi_reads.bc1003.fastq,4,0.990,m84091_241205_180120_s2/209454201/ccs,3280
m84091_241205_180120_s2.hifi_reads.bc1003.fastq,4,0.774,m84091_241205_180120_s2/245566153/ccs,1150
m84091_241205_180120_s2.hifi_reads.bc1003.fastq,4,0.792,m84091_241205_180120_s2/254675695/ccs,1210
m84091_241205_180120_s2.hifi_reads.bc1003.fastq,4,0.702,m84091_241205_180120_s2/34803226/ccs,1120
m84091_241205_180120_s2.hifi_reads.bc1003.fastq,4,0.720,m84091_241205_180120_s2/219349900/ccs,1210
m84091_241205_180120_s2.hifi_reads.bc1003.fastq,4,0.888,m84091_241205_180120_s2/255591040/ccs,940
m84091_241205_180120_s2.hifi_reads.bc1003.fastq,4,0.720,m84091_241205_180120_s2/240386840/ccs,1120
m84091_241205_180120_s2.hifi_reads.bc1003.fastq,4,0.840,m84091_241205_180120_s2/262407594/ccs,1360
m84091_241205_180120_s2.hifi_reads.bc1003.fastq,4,1.002,m84091_241205_180120_s2/239143004/ccs,5020
m84091_241205_180120_s2.hifi_reads.bc1003.fastq,4,0.864,m84091_241205_180120_s2/252709495/ccs,910
m84091_241205_180120_s2.hifi_reads.bc1003.fastq,4,1.008,m84091_241205_180120_s2/251333188/ccs,1270
m84091_241205_180120_s2.hifi_reads.bc1003.fastq,4,0.762,m84091_241205_180120_s2/233637197/ccs,730
m84091_241205_180120_s2.hifi_reads.bc1003.fastq,4,0.786,m84091_241205_180120_s2/239927608/ccs,1000
m84091_241205_180120_s2.hifi_reads.bc1003.fastq,4,0.972,m84091_241205_180120_s2/210700309/ccs,2590
m84091_241205_180120_s2.hifi_reads.bc1003.fastq,4,0.702,m84091_241205_180120_s2/221250911/ccs,820
m84091_241205_180120_s2.hifi_reads.bc1003.fastq,4,0.822,m84091_241205_180120_s2/95163524/ccs,1210
m84091_241205_180120_s2.hifi_reads.bc1003.fastq,4,0.756,m84091_241205_180120_s2/32641180/ccs,2200
m84091_241205_180120_s2.hifi_reads.bc1003.fastq,4,1.002,m84091_241205_180120_s2/73078649/ccs,4090
m84091_241205_180120_s2.hifi_reads.bc1003.fastq,4,1.008,m84091_241205_180120_s2/71896528/ccs,1000
m84091_241205_180120_s2.hifi_reads.bc1003.fastq,4,0.990,m84091_241205_180120_s2/10751997/ccs,3580
m84091_241205_180120_s2.hifi_reads.bc1003.fastq,4,0.726,m84091_241205_180120_s2/89460793/ccs,1360
m84091_241205_180120_s2.hifi_reads.bc1003.fastq,4,0.888,m84091_241205_180120_s2/18748789/ccs,1270
m84091_241205_180120_s2.hifi_reads.bc1003.fastq,4,0.942,m84091_241205_180120_s2/47584976/ccs,1660
m84091_241205_180120_s2.hifi_reads.bc1003.fastq,4,0.816,m84091_241205_180120_s2/72946372/ccs,2170
m84091_241205_180120_s2.hifi_reads.bc1003.fastq,4,0.768,m84091_241205_180120_s2/21172362/ccs,730
m84091_241205_180120_s2.hifi_reads.bc1003.fastq,4,0.888,m84091_241205_180120_s2/62592759/ccs,1690
m84091_241205_180120_s2.hifi_reads.bc1003.fastq,4,0.972,m84091_241205_180120_s2/16912178/ccs,6850
m84091_241205_180120_s2.hifi_reads.bc1003.fastq,4,0.978,m84091_241205_180120_s2/60166664/ccs,5380
m84091_241205_180120_s2.hifi_reads.bc1003.fastq,4,0.960,m84091_241205_180120_s2/58855481/ccs,5380
m84091_241205_180120_s2.hifi_reads.bc1003.fastq,4,0.984,m84091_241205_180120_s2/54070991/ccs,4240
m84091_241205_180120_s2.hifi_reads.bc1003.fastq,4,0.966,m84091_241205_180120_s2/101650751/ccs,6160
m84091_241205_180120_s2.hifi_reads.bc1003.fastq,4,0.954,m84091_241205_180120_s2/62723393/ccs,4210
m84091_241205_180120_s2.hifi_reads.bc1003.fastq,4,0.966,m84091_241205_180120_s2/49351982/ccs,2860
m84091_241205_180120_s2.hifi_reads.bc1003.fastq,4,0.732,m84091_241205_180120_s2/23270801/ccs,2470
m84091_241205_180120_s2.hifi_reads.bc1003.fastq,4,0.996,m84091_241205_180120_s2/40242762/ccs,5470
m84091_241205_180120_s2.hifi_reads.bc1003.fastq,4,0.900,m84091_241205_180120_s2/9703793/ccs,1300
m84091_241205_180120_s2.hifi_reads.bc1003.fastq,4,0.864,m84091_241205_180120_s2/67177616/ccs,1180
m84091_241205_180120_s2.hifi_reads.bc1003.fastq,4,1.002,m84091_241205_180120_s2/8457271/ccs,3850
m84091_241205_180120_s2.hifi_reads.bc1003.fastq,4,0.840,m84091_241205_180120_s2/40570424/ccs,1270
m84091_241205_180120_s2.hifi_reads.bc1003.fastq,4,0.942,m84091_241205_180120_s2/24385172/ccs,760
m84091_241205_180120_s2.hifi_reads.bc1003.fastq,4,0.732,m84091_241205_180120_s2/87430756/ccs,820
m84091_241205_180120_s2.hifi_reads.bc1003.fastq,4,0.984,m84091_241205_180120_s2/122948648/ccs,4570
m84091_241205_180120_s2.hifi_reads.bc1003.fastq,4,0.984,m84091_241205_180120_s2/103618383/ccs,3010
m84091_241205_180120_s2.hifi_reads.bc1003.fastq,4,1.002,m84091_241205_180120_s2/75239376/ccs,4210
m84091_241205_180120_s2.hifi_reads.bc1003.fastq,4,0.936,m84091_241205_180120_s2/131928666/ccs,1900
m84091_241205_180120_s2.hifi_reads.bc1003.fastq,4,0.960,m84091_241205_180120_s2/170202162/ccs,730
m84091_241205_180120_s2.hifi_reads.bc1003.fastq,4,0.996,m84091_241205_180120_s2/109516153/ccs,5320
m84091_241205_180120_s2.hifi_reads.bc1003.fastq,4,0.996,m84091_241205_180120_s2/104599296/ccs,5200
m84091_241205_180120_s2.hifi_reads.bc1003.fastq,4,0.708,m84091_241205_180120_s2/121444122/ccs,1420
m84091_241205_180120_s2.hifi_reads.bc1003.fastq,4,0.912,m84091_241205_180120_s2/145823343/ccs,970
m84091_241205_180120_s2.hifi_reads.bc1003.fastq,4,0.756,m84091_241205_180120_s2/94246683/ccs,820
m84091_241205_180120_s2.hifi_reads.bc1003.fastq,4,0.702,m84091_241205_180120_s2/162860119/ccs,850
m84091_241205_180120_s2.hifi_reads.bc1003.fastq,4,0.816,m84091_241205_180120_s2/122361518/ccs,4360
m84091_241205_180120_s2.hifi_reads.bc1003.fastq,4,1.032,m84091_241205_180120_s2/100208822/ccs,1030
m84091_241205_180120_s2.hifi_reads.bc1003.fastq,4,0.924,m84091_241205_180120_s2/137369268/ccs,1210
m84091_241205_180120_s2.hifi_reads.bc1003.fastq,4,0.768,m84091_241205_180120_s2/100273272/ccs,1450
m84091_241205_180120_s2.hifi_reads.bc1003.fastq,4,0.924,m84091_241205_180120_s2/106959958/ccs,1030
m84091_241205_180120_s2.hifi_reads.bc1003.fastq,4,0.912,m84091_241205_180120_s2/100011952/ccs,1210
m84091_241205_180120_s2.hifi_reads.bc1003.fastq,4,0.918,m84091_241205_180120_s2/100143976/ccs,3730
m84091_241205_180120_s2.hifi_reads.bc1003.fastq,4,0.714,m84091_241205_180120_s2/170069740/ccs,1450
m84091_241205_180120_s2.hifi_reads.bc1003.fastq,4,0.984,m84091_241205_180120_s2/131206578/ccs,730
m84091_241205_180120_s2.hifi_reads.bc1003.fastq,4,0.708,m84091_241205_180120_s2/163647840/ccs,1510
m84091_241205_180120_s2.hifi_reads.bc1003.fastq,4,0.714,m84091_241205_180120_s2/124785049/ccs,1090
m84091_241205_180120_s2.hifi_reads.bc1003.fastq,4,0.888,m84091_241205_180120_s2/122162290/ccs,1180
m84091_241205_180120_s2.hifi_reads.bc1003.fastq,4,1.218,m84091_241205_180120_s2/99684217/ccs,910
m84091_241205_180120_s2.hifi_reads.bc1003.fastq,4,0.966,m84091_241205_180120_s2/98373319/ccs,1660
m84091_241205_180120_s2.hifi_reads.bc1003.fastq,4,0.762,m84091_241205_180120_s2/80809177/ccs,1780
m84091_241205_180120_s2.hifi_reads.bc1003.fastq,4,0.984,m84091_241205_180120_s2/113119812/ccs,2410
m84091_241205_180120_s2.hifi_reads.bc1003.fastq,4,0.996,m84091_241205_180120_s2/76614710/ccs,5350
m84091_241205_180120_s2.hifi_reads.bc1003.fastq,4,0.990,m84091_241205_180120_s2/137105654/ccs,5860
m84091_241205_180120_s2.hifi_reads.bc1003.fastq,4,0.876,m84091_241205_180120_s2/164236464/ccs,790
m84091_241205_180120_s2.hifi_reads.bc1003.fastq,4,0.954,m84091_241205_180120_s2/153620347/ccs,1120
m84091_241205_180120_s2.hifi_reads.bc1003.fastq,4,0.828,m84091_241205_180120_s2/218108709/ccs,820
m84091_241205_180120_s2.hifi_reads.bc1003.fastq,4,0.936,m84091_241205_180120_s2/235541318/ccs,2680
m84091_241205_180120_s2.hifi_reads.bc1003.fastq,4,1.002,m84091_241205_180120_s2/207949416/ccs,4570
m84091_241205_180120_s2.hifi_reads.bc1003.fastq,4,0.780,m84091_241205_180120_s2/180950174/ccs,1180
m84091_241205_180120_s2.hifi_reads.bc1003.fastq,4,0.768,m84091_241205_180120_s2/183110713/ccs,2260
m84091_241205_180120_s2.hifi_reads.bc1003.fastq,4,0.852,m84091_241205_180120_s2/185734444/ccs,970
m84091_241205_180120_s2.hifi_reads.bc1003.fastq,4,0.990,m84091_241205_180120_s2/197725233/ccs,5260
m84091_241205_180120_s2.hifi_reads.bc1003.fastq,4,0.756,m84091_241205_180120_s2/183046394/ccs,1060
m84091_241205_180120_s2.hifi_reads.bc1003.fastq,4,0.912,m84091_241205_180120_s2/192024648/ccs,3940
m84091_241205_180120_s2.hifi_reads.bc1003.fastq,4,0.978,m84091_241205_180120_s2/171839405/ccs,3460
m84091_241205_180120_s2.hifi_reads.bc1003.fastq,4,0.966,m84091_241205_180120_s2/150935402/ccs,3850
m84091_241205_180120_s2.hifi_reads.bc1003.fastq,4,0.984,m84091_241205_180120_s2/189011599/ccs,1990
m84091_241205_180120_s2.hifi_reads.bc1003.fastq,4,0.972,m84091_241205_180120_s2/196155325/ccs,1060
m84091_241205_180120_s2.hifi_reads.bc1003.fastq,4,0.996,m84091_241205_180120_s2/143201048/ccs,4060
m84091_241205_180120_s2.hifi_reads.bc1003.fastq,4,0.876,m84091_241205_180120_s2/173870267/ccs,1030
m84091_241205_180120_s2.hifi_reads.bc1003.fastq,4,0.786,m84091_241205_180120_s2/190320884/ccs,640
m84091_241205_180120_s2.hifi_reads.bc1003.fastq,4,0.960,m84091_241205_180120_s2/150277391/ccs,4360
m84091_241205_180120_s2.hifi_reads.bc1003.fastq,4,0.876,m84091_241205_180120_s2/209522138/ccs,2980
m84091_241205_180120_s2.hifi_reads.bc1003.fastq,4,0.954,m84091_241205_180120_s2/230299362/ccs,3340
m84091_241205_180120_s2.hifi_reads.bc1003.fastq,4,0.768,m84091_241205_180120_s2/153097792/ccs,1120
m84091_241205_180120_s2.hifi_reads.bc1003.fastq,4,0.996,m84091_241205_180120_s2/148771977/ccs,3520
m84091_241205_180120_s2.hifi_reads.bc1003.fastq,4,0.954,m84091_241205_180120_s2/184945835/ccs,1810
m84091_241205_180120_s2.hifi_reads.bc1003.fastq,4,0.936,m84091_241205_180120_s2/235998403/ccs,4900
m84091_241205_180120_s2.hifi_reads.bc1003.fastq,4,0.786,m84091_241205_180120_s2/186650960/ccs,970
m84091_241209_213135_s3.hifi_reads.bc1003.fastq,4,0.930,m84091_241209_213135_s3/219877985/ccs,880
m84091_241209_213135_s3.hifi_reads.bc1003.fastq,4,1.014,m84091_241209_213135_s3/184095564/ccs,1510
m84091_241209_213135_s3.hifi_reads.bc1003.fastq,4,0.708,m84091_241209_213135_s3/256251644/ccs,1300
m84091_241209_213135_s3.hifi_reads.bc1003.fastq,4,0.714,m84091_241209_213135_s3/257953094/ccs,1660
m84091_241209_213135_s3.hifi_reads.bc1003.fastq,4,0.906,m84091_241209_213135_s3/242158841/ccs,2830
m84091_241209_213135_s3.hifi_reads.bc1003.fastq,4,0.936,m84091_241209_213135_s3/244455178/ccs,1720
m84091_241209_213135_s3.hifi_reads.bc1003.fastq,4,0.978,m84091_241209_213135_s3/256972412/ccs,5470
m84091_241209_213135_s3.hifi_reads.bc1003.fastq,4,0.966,m84091_241209_213135_s3/177212612/ccs,4600
m84091_241209_213135_s3.hifi_reads.bc1003.fastq,4,0.924,m84091_241209_213135_s3/207424570/ccs,2470
m84091_241209_213135_s3.hifi_reads.bc1003.fastq,4,0.954,m84091_241209_213135_s3/256775321/ccs,1330
m84091_241209_213135_s3.hifi_reads.bc1003.fastq,4,0.762,m84091_241209_213135_s3/177148289/ccs,4630
m84091_241209_213135_s3.hifi_reads.bc1003.fastq,4,0.984,m84091_241209_213135_s3/248777967/ccs,2710
m84091_241209_213135_s3.hifi_reads.bc1003.fastq,4,0.732,m84091_241209_213135_s3/183834136/ccs,2110
m84091_241209_213135_s3.hifi_reads.bc1003.fastq,4,0.732,m84091_241209_213135_s3/247141754/ccs,940
m84091_241209_213135_s3.hifi_reads.bc1003.fastq,4,0.750,m84091_241209_213135_s3/262410560/ccs,1360
m84091_241209_213135_s3.hifi_reads.bc1003.fastq,4,0.714,m84091_241209_213135_s3/216928329/ccs,1060
m84091_241209_213135_s3.hifi_reads.bc1003.fastq,4,0.978,m84091_241209_213135_s3/208277722/ccs,6130
m84091_241209_213135_s3.hifi_reads.bc1003.fastq,4,0.744,m84091_241209_213135_s3/257953308/ccs,790
m84091_241209_213135_s3.hifi_reads.bc1003.fastq,4,0.990,m84091_241209_213135_s3/222826532/ccs,3070
m84091_241209_213135_s3.hifi_reads.bc1003.fastq,4,0.750,m84091_241209_213135_s3/10423163/ccs,880
m84091_241209_213135_s3.hifi_reads.bc1003.fastq,4,0.756,m84091_241209_213135_s3/63310070/ccs,1270
m84091_241209_213135_s3.hifi_reads.bc1003.fastq,4,0.840,m84091_241209_213135_s3/37619506/ccs,940
m84091_241209_213135_s3.hifi_reads.bc1003.fastq,4,0.852,m84091_241209_213135_s3/54396504/ccs,880
m84091_241209_213135_s3.hifi_reads.bc1003.fastq,4,0.984,m84091_241209_213135_s3/45091321/ccs,3940
m84091_241209_213135_s3.hifi_reads.bc1003.fastq,4,0.702,m84091_241209_213135_s3/12782365/ccs,1090
m84091_241209_213135_s3.hifi_reads.bc1003.fastq,4,0.972,m84091_241209_213135_s3/45417489/ccs,3460
m84091_241209_213135_s3.hifi_reads.bc1003.fastq,4,0.738,m84091_241209_213135_s3/44761316/ccs,970
m84091_241209_213135_s3.hifi_reads.bc1003.fastq,4,0.816,m84091_241209_213135_s3/26215647/ccs,1240
m84091_241209_213135_s3.hifi_reads.bc1003.fastq,4,0.726,m84091_241209_213135_s3/28246225/ccs,1060
m84091_241209_213135_s3.hifi_reads.bc1003.fastq,4,0.984,m84091_241209_213135_s3/25165902/ccs,4840
m84091_241209_213135_s3.hifi_reads.bc1003.fastq,4,0.972,m84091_241209_213135_s3/24185557/ccs,3640
m84091_241209_213135_s3.hifi_reads.bc1003.fastq,4,0.972,m84091_241209_213135_s3/19073720/ccs,3130
m84091_241209_213135_s3.hifi_reads.bc1003.fastq,4,0.708,m84091_241209_213135_s3/42860876/ccs,1150
m84091_241209_213135_s3.hifi_reads.bc1003.fastq,4,0.996,m84091_241209_213135_s3/67175813/ccs,6850
m84091_241209_213135_s3.hifi_reads.bc1003.fastq,4,0.990,m84091_241209_213135_s3/29559245/ccs,5950
m84091_241209_213135_s3.hifi_reads.bc1003.fastq,4,0.996,m84091_241209_213135_s3/59835196/ccs,5410
m84091_241209_213135_s3.hifi_reads.bc1003.fastq,4,0.984,m84091_241209_213135_s3/48759010/ccs,3760
m84091_241209_213135_s3.hifi_reads.bc1003.fastq,4,0.918,m84091_241209_213135_s3/35522052/ccs,1750
m84091_241209_213135_s3.hifi_reads.bc1003.fastq,4,0.954,m84091_241209_213135_s3/60817593/ccs,5770
m84091_241209_213135_s3.hifi_reads.bc1003.fastq,4,0.924,m84091_241209_213135_s3/67307144/ccs,1480
m84091_241209_213135_s3.hifi_reads.bc1003.fastq,4,0.738,m84091_241209_213135_s3/50398551/ccs,970
m84091_241209_213135_s3.hifi_reads.bc1003.fastq,4,0.936,m84091_241209_213135_s3/11470940/ccs,2080
m84091_241209_213135_s3.hifi_reads.bc1003.fastq,4,0.996,m84091_241209_213135_s3/31916271/ccs,8140
m84091_241209_213135_s3.hifi_reads.bc1003.fastq,4,0.708,m84091_241209_213135_s3/21891202/ccs,1450
m84091_241209_213135_s3.hifi_reads.bc1003.fastq,4,0.978,m84091_241209_213135_s3/78840758/ccs,4780
m84091_241209_213135_s3.hifi_reads.bc1003.fastq,4,0.708,m84091_241209_213135_s3/128846671/ccs,670
m84091_241209_213135_s3.hifi_reads.bc1003.fastq,4,0.828,m84091_241209_213135_s3/129238573/ccs,970
m84091_241209_213135_s3.hifi_reads.bc1003.fastq,4,0.984,m84091_241209_213135_s3/87490925/ccs,1210
m84091_241209_213135_s3.hifi_reads.bc1003.fastq,4,1.038,m84091_241209_213135_s3/91228773/ccs,1780
m84091_241209_213135_s3.hifi_reads.bc1003.fastq,4,0.774,m84091_241209_213135_s3/128712938/ccs,1150
m84091_241209_213135_s3.hifi_reads.bc1003.fastq,4,0.798,m84091_241209_213135_s3/128255732/ccs,790
m84091_241209_213135_s3.hifi_reads.bc1003.fastq,4,0.816,m84091_241209_213135_s3/132253880/ccs,850
m84091_241209_213135_s3.hifi_reads.bc1003.fastq,4,0.726,m84091_241209_213135_s3/120784230/ccs,1420
m84091_241209_213135_s3.hifi_reads.bc1003.fastq,4,0.810,m84091_241209_213135_s3/101385508/ccs,1210
m84091_241209_213135_s3.hifi_reads.bc1003.fastq,4,1.002,m84091_241209_213135_s3/96600532/ccs,6160
m84091_241209_213135_s3.hifi_reads.bc1003.fastq,4,0.984,m84091_241209_213135_s3/101516729/ccs,5950
m84091_241209_213135_s3.hifi_reads.bc1003.fastq,4,0.822,m84091_241209_213135_s3/85460467/ccs,790
m84091_241209_213135_s3.hifi_reads.bc1003.fastq,4,0.972,m84091_241209_213135_s3/99485968/ccs,4570
m84091_241209_213135_s3.hifi_reads.bc1003.fastq,4,0.966,m84091_241209_213135_s3/55838937/ccs,3040
m84091_241209_213135_s3.hifi_reads.bc1003.fastq,4,0.924,m84091_241209_213135_s3/99680468/ccs,2980
m84091_241209_213135_s3.hifi_reads.bc1003.fastq,4,0.888,m84091_241209_213135_s3/76219342/ccs,1060
m84091_241209_213135_s3.hifi_reads.bc1003.fastq,4,0.996,m84091_241209_213135_s3/86377582/ccs,5920
m84091_241209_213135_s3.hifi_reads.bc1003.fastq,4,0.738,m84091_241209_213135_s3/115146990/ccs,2320
m84091_241209_213135_s3.hifi_reads.bc1003.fastq,4,1.002,m84091_241209_213135_s3/70256793/ccs,4420
m84091_241209_213135_s3.hifi_reads.bc1003.fastq,4,0.792,m84091_241209_213135_s3/84608980/ccs,790
m84091_241209_213135_s3.hifi_reads.bc1003.fastq,4,0.816,m84091_241209_213135_s3/124127926/ccs,820
m84091_241209_213135_s3.hifi_reads.bc1003.fastq,4,0.978,m84091_241209_213135_s3/92799302/ccs,6460
m84091_241209_213135_s3.hifi_reads.bc1003.fastq,4,0.942,m84091_241209_213135_s3/96600597/ccs,1180
m84091_241209_213135_s3.hifi_reads.bc1003.fastq,4,0.978,m84091_241209_213135_s3/100992870/ccs,3340
m84091_241209_213135_s3.hifi_reads.bc1003.fastq,4,0.990,m84091_241209_213135_s3/125045048/ccs,6520
m84091_241209_213135_s3.hifi_reads.bc1003.fastq,4,0.990,m84091_241209_213135_s3/118031713/ccs,4780
m84091_241209_213135_s3.hifi_reads.bc1003.fastq,4,0.942,m84091_241209_213135_s3/137627798/ccs,4540
m84091_241209_213135_s3.hifi_reads.bc1003.fastq,4,0.966,m84091_241209_213135_s3/145817774/ccs,3070
m84091_241209_213135_s3.hifi_reads.bc1003.fastq,4,0.762,m84091_241209_213135_s3/195954587/ccs,880
m84091_241209_213135_s3.hifi_reads.bc1003.fastq,4,0.996,m84091_241209_213135_s3/149488497/ccs,4600
m84091_241209_213135_s3.hifi_reads.bc1003.fastq,4,0.840,m84091_241209_213135_s3/163512402/ccs,820
m84091_241209_213135_s3.hifi_reads.bc1003.fastq,4,0.882,m84091_241209_213135_s3/134023402/ccs,1060
m84091_241209_213135_s3.hifi_reads.bc1003.fastq,4,0.960,m84091_241209_213135_s3/157549009/ccs,1000
m84091_241209_213135_s3.hifi_reads.bc1003.fastq,4,0.972,m84091_241209_213135_s3/186777723/ccs,1150
m84091_241209_213135_s3.hifi_reads.bc1003.fastq,4,0.978,m84091_241209_213135_s3/111347513/ccs,3370
m84091_241209_213135_s3.hifi_reads.bc1003.fastq,4,0.894,m84091_241209_213135_s3/180946898/ccs,1510
m84091_241209_213135_s3.hifi_reads.bc1003.fastq,4,0.816,m84091_241209_213135_s3/152569470/ccs,820
m84091_241209_213135_s3.hifi_reads.bc1003.fastq,4,0.726,m84091_241209_213135_s3/158007366/ccs,1660
m84091_241209_213135_s3.hifi_reads.bc1003.fastq,4,0.834,m84091_241209_213135_s3/194117989/ccs,910
m84091_241209_213135_s3.hifi_reads.bc1003.fastq,4,0.768,m84091_241209_213135_s3/171903314/ccs,1150
m84091_241209_213135_s3.hifi_reads.bc1003.fastq,4,0.810,m84091_241209_213135_s3/143132407/ccs,1360
m84091_241209_213135_s3.hifi_reads.bc1003.fastq,4,0.846,m84091_241209_213135_s3/152963371/ccs,1120
m84091_241209_213135_s3.hifi_reads.bc1003.fastq,4,0.984,m84091_241209_213135_s3/166723688/ccs,4630
m84091_241209_213135_s3.hifi_reads.bc1003.fastq,4,0.990,m84091_241209_213135_s3/175506548/ccs,4060
m84091_241209_213135_s3.hifi_reads.bc1003.fastq,4,0.888,m84091_241209_213135_s3/145884149/ccs,1960
m84091_241209_213135_s3.hifi_reads.bc1003.fastq,4,1.008,m84091_241209_213135_s3/173278976/ccs,4510
m84091_241209_213135_s3.hifi_reads.bc1003.fastq,4,0.864,m84091_241209_213135_s3/158730068/ccs,1120
m84091_241209_213135_s3.hifi_reads.bc1003.fastq,4,0.834,m84091_241209_213135_s3/154994559/ccs,2110
m84091_241209_213135_s3.hifi_reads.bc1003.fastq,4,0.846,m84091_241209_213135_s3/166267070/ccs,1540
m84091_241209_213135_s3.hifi_reads.bc1003.fastq,4,0.942,m84091_241209_213135_s3/142999802/ccs,1030
m84091_241209_213135_s3.hifi_reads.bc1003.fastq,4,0.984,m84091_241209_213135_s3/215811368/ccs,3370
m84091_241209_213135_s3.hifi_reads.bc1003.fastq,4,0.786,m84091_241209_213135_s3/209650912/ccs,1960
m84091_241209_213135_s3.hifi_reads.bc1003.fastq,4,0.978,m84091_241209_213135_s3/223478783/ccs,9160
m84091_241209_213135_s3.hifi_reads.bc1003.fastq,4,0.984,m84091_241209_213135_s3/209650065/ccs,3220
m84091_241209_213135_s3.hifi_reads.bc1003.fastq,4,0.726,m84091_241209_213135_s3/222561597/ccs,700
m84091_241209_213135_s3.hifi_reads.bc1003.fastq,4,0.738,m84091_241209_213135_s3/252447075/ccs,670
m84091_241209_213135_s3.hifi_reads.bc1003.fastq,4,0.822,m84091_241209_213135_s3/259721198/ccs,1210
m84091_241209_213135_s3.hifi_reads.bc1003.fastq,4,0.774,m84091_241209_213135_s3/212730781/ccs,1090
m84091_241209_213135_s3.hifi_reads.bc1003.fastq,4,0.774,m84091_241209_213135_s3/242680359/ccs,1360
m84091_241209_213135_s3.hifi_reads.bc1003.fastq,4,0.762,m84091_241209_213135_s3/211813875/ccs,1000
m84091_241209_213135_s3.hifi_reads.bc1003.fastq,4,0.786,m84091_241209_213135_s3/247794181/ccs,1120
m84091_241209_213135_s3.hifi_reads.bc1003.fastq,4,0.960,m84091_241209_213135_s3/229638346/ccs,2080
m84091_241209_213135_s3.hifi_reads.bc1003.fastq,4,0.966,m84091_241209_213135_s3/247728770/ccs,880
m84091_241209_213135_s3.hifi_reads.bc1003.fastq,4,1.002,m84091_241209_213135_s3/217383939/ccs,3370
m84091_241209_213135_s3.hifi_reads.bc1003.fastq,4,0.918,m84091_241209_213135_s3/215744623/ccs,850
m84091_241209_213135_s3.hifi_reads.bc1003.fastq,4,0.996,m84091_241209_213135_s3/225051472/ccs,5080
m84091_241209_213135_s3.hifi_reads.bc1003.fastq,4,0.978,m84091_241209_213135_s3/248053902/ccs,3130
m84091_241209_213135_s3.hifi_reads.bc1003.fastq,4,0.942,m84091_241209_213135_s3/225444898/ccs,5500
m84091_241209_213135_s3.hifi_reads.bc1003.fastq,4,0.966,m84091_241209_213135_s3/217385951/ccs,4180
m84091_241209_213135_s3.hifi_reads.bc1003.fastq,4,0.972,m84091_241209_213135_s3/223674456/ccs,3310
m84091_241209_213135_s3.hifi_reads.bc1003.fastq,4,0.714,m84091_241209_213135_s3/218629328/ccs,1240
m84091_241209_213135_s3.hifi_reads.bc1003.fastq,4,0.768,m84091_241209_213135_s3/259852717/ccs,730
m84091_241209_213135_s3.hifi_reads.bc1003.fastq,4,1.002,m84091_241209_213135_s3/232128839/ccs,3280
m84091_241209_213135_s3.hifi_reads.bc1003.fastq,4,0.978,m84091_241209_213135_s3/206242464/ccs,5680
m84091_241209_213135_s3.hifi_reads.bc1003.fastq,4,0.960,m84091_241209_213135_s3/241502799/ccs,1030
m84091_241209_213135_s3.hifi_reads.bc1003.fastq,4,0.900,m84091_241209_213135_s3/248185247/ccs,820
m84091_241209_213135_s3.hifi_reads.bc1003.fastq,4,0.924,m84091_241209_213135_s3/202508042/ccs,1810
m84091_241209_213135_s3.hifi_reads.bc1003.fastq,4,0.948,m84091_241209_213135_s3/207487166/ccs,1150
m84091_241209_213135_s3.hifi_reads.bc1003.fastq,4,0.834,m84091_241209_213135_s3/21698009/ccs,1180
m84091_241209_213135_s3.hifi_reads.bc1003.fastq,4,0.966,m84091_241209_213135_s3/14028512/ccs,2470
m84091_241209_213135_s3.hifi_reads.bc1003.fastq,4,0.804,m84091_241209_213135_s3/27069538/ccs,670
m84091_241209_213135_s3.hifi_reads.bc1003.fastq,4,0.714,m84091_241209_213135_s3/12718462/ccs,1180
m84091_241209_213135_s3.hifi_reads.bc1003.fastq,4,0.792,m84091_241209_213135_s3/244712305/ccs,1480
m84091_241209_213135_s3.hifi_reads.bc1003.fastq,4,0.960,m84091_241209_213135_s3/15995337/ccs,2770
m84091_241209_213135_s3.hifi_reads.bc1003.fastq,4,0.702,m84091_241209_213135_s3/59053880/ccs,2140
m84091_241209_213135_s3.hifi_reads.bc1003.fastq,4,0.978,m84091_241209_213135_s3/12193415/ccs,970
m84091_241209_213135_s3.hifi_reads.bc1003.fastq,4,0.744,m84091_241209_213135_s3/2494522/ccs,1720
m84091_241209_213135_s3.hifi_reads.bc1003.fastq,4,0.786,m84091_241209_213135_s3/33559302/ccs,1030
m84091_241209_213135_s3.hifi_reads.bc1003.fastq,4,0.996,m84091_241209_213135_s3/256442551/ccs,5260
m84091_241209_213135_s3.hifi_reads.bc1003.fastq,4,0.990,m84091_241209_213135_s3/33494369/ccs,3580
m84091_241209_213135_s3.hifi_reads.bc1003.fastq,4,0.924,m84091_241209_213135_s3/19665456/ccs,1720
m84091_241209_213135_s3.hifi_reads.bc1003.fastq,4,0.756,m84091_241209_213135_s3/38016591/ccs,1270
m84091_241209_213135_s3.hifi_reads.bc1003.fastq,4,0.972,m84091_241209_213135_s3/58725856/ccs,1030
m84091_241209_213135_s3.hifi_reads.bc1003.fastq,4,0.972,m84091_241209_213135_s3/1708672/ccs,2110
m84091_241209_213135_s3.hifi_reads.bc1003.fastq,4,0.768,m84091_241209_213135_s3/38606577/ccs,1660
m84091_241209_213135_s3.hifi_reads.bc1003.fastq,4,0.942,m84091_241209_213135_s3/25957592/ccs,1000
m84091_241209_213135_s3.hifi_reads.bc1003.fastq,4,0.990,m84091_241209_213135_s3/50599677/ccs,2980
m84091_241209_213135_s3.hifi_reads.bc1003.fastq,4,0.978,m84091_241209_213135_s3/36770977/ccs,3040
m84091_241209_213135_s3.hifi_reads.bc1003.fastq,4,0.990,m84091_241209_213135_s3/45551876/ccs,2710
m84091_241209_213135_s3.hifi_reads.bc1003.fastq,4,0.990,m84091_241209_213135_s3/53482173/ccs,3580
m84091_241209_213135_s3.hifi_reads.bc1003.fastq,4,1.008,m84091_241209_213135_s3/7606249/ccs,4180
m84091_241209_213135_s3.hifi_reads.bc1003.fastq,4,0.990,m84091_241209_213135_s3/14227226/ccs,8500
m84091_241209_213135_s3.hifi_reads.bc1003.fastq,4,0.966,m84091_241209_213135_s3/128980893/ccs,1120
m84091_241209_213135_s3.hifi_reads.bc1003.fastq,4,0.888,m84091_241209_213135_s3/42735426/ccs,4390
m84091_241209_213135_s3.hifi_reads.bc1003.fastq,4,0.708,m84091_241209_213135_s3/98831542/ccs,670
m84091_241209_213135_s3.hifi_reads.bc1003.fastq,4,0.714,m84091_241209_213135_s3/91297678/ccs,700
m84091_241209_213135_s3.hifi_reads.bc1003.fastq,4,0.786,m84091_241209_213135_s3/104270929/ccs,700
m84091_241209_213135_s3.hifi_reads.bc1003.fastq,4,0.942,m84091_241209_213135_s3/94179617/ccs,1270
m84091_241209_213135_s3.hifi_reads.bc1003.fastq,4,0.708,m84091_241209_213135_s3/124981539/ccs,760
m84091_241209_213135_s3.hifi_reads.bc1003.fastq,4,0.978,m84091_241209_213135_s3/125310870/ccs,3610
m84091_241209_213135_s3.hifi_reads.bc1003.fastq,4,0.996,m84091_241209_213135_s3/132320531/ccs,1540
m84091_241209_213135_s3.hifi_reads.bc1003.fastq,4,0.744,m84091_241209_213135_s3/135402970/ccs,2140
m84091_241209_213135_s3.hifi_reads.bc1003.fastq,4,0.990,m84091_241209_213135_s3/49419486/ccs,1360
m84091_241209_213135_s3.hifi_reads.bc1003.fastq,4,0.894,m84091_241209_213135_s3/74059206/ccs,880
m84091_241209_213135_s3.hifi_reads.bc1003.fastq,4,0.930,m84091_241209_213135_s3/108399741/ccs,1390
m84091_241209_213135_s3.hifi_reads.bc1003.fastq,4,0.972,m84091_241209_213135_s3/109122307/ccs,1210
m84091_241209_213135_s3.hifi_reads.bc1003.fastq,4,0.846,m84091_241209_213135_s3/121509460/ccs,1030
m84091_241209_213135_s3.hifi_reads.bc1003.fastq,4,0.792,m84091_241209_213135_s3/114691816/ccs,760
m84091_241209_213135_s3.hifi_reads.bc1003.fastq,4,0.732,m84091_241209_213135_s3/79041930/ccs,1120
m84091_241209_213135_s3.hifi_reads.bc1003.fastq,4,0.966,m84091_241209_213135_s3/128652161/ccs,4300
m84091_241209_213135_s3.hifi_reads.bc1003.fastq,4,0.942,m84091_241209_213135_s3/105714861/ccs,1180
m84091_241209_213135_s3.hifi_reads.bc1003.fastq,4,0.708,m84091_241209_213135_s3/88215986/ccs,1240
m84091_241209_213135_s3.hifi_reads.bc1003.fastq,4,0.984,m84091_241209_213135_s3/118821658/ccs,2950
m84091_241209_213135_s3.hifi_reads.bc1003.fastq,4,0.756,m84091_241209_213135_s3/104270958/ccs,1720
m84091_241209_213135_s3.hifi_reads.bc1003.fastq,4,0.948,m84091_241209_213135_s3/118166323/ccs,1150
m84091_241209_213135_s3.hifi_reads.bc1003.fastq,4,0.960,m84091_241209_213135_s3/96670668/ccs,2980
m84091_241209_213135_s3.hifi_reads.bc1003.fastq,4,0.972,m84091_241209_213135_s3/73208902/ccs,4270
m84091_241209_213135_s3.hifi_reads.bc1003.fastq,4,0.726,m84091_241209_213135_s3/186717556/ccs,1300
m84091_241209_213135_s3.hifi_reads.bc1003.fastq,4,0.942,m84091_241209_213135_s3/163581095/ccs,3250
m84091_241209_213135_s3.hifi_reads.bc1003.fastq,4,0.954,m84091_241209_213135_s3/137695586/ccs,1030
m84091_241209_213135_s3.hifi_reads.bc1003.fastq,4,0.990,m84091_241209_213135_s3/152375885/ccs,5920
m84091_241209_213135_s3.hifi_reads.bc1003.fastq,4,0.834,m84091_241209_213135_s3/154209905/ccs,790
m84091_241209_213135_s3.hifi_reads.bc1003.fastq,4,0.738,m84091_241209_213135_s3/172037581/ccs,760
m84091_241209_213135_s3.hifi_reads.bc1003.fastq,4,0.750,m84091_241209_213135_s3/166400349/ccs,700
m84091_241209_213135_s3.hifi_reads.bc1003.fastq,4,0.726,m84091_241209_213135_s3/198120796/ccs,1240
m84091_241209_213135_s3.hifi_reads.bc1003.fastq,4,1.044,m84091_241209_213135_s3/196744754/ccs,1090
m84091_241209_213135_s3.hifi_reads.bc1003.fastq,4,0.780,m84091_241209_213135_s3/156109985/ccs,1450
m84091_241209_213135_s3.hifi_reads.bc1003.fastq,4,0.960,m84091_241209_213135_s3/185732350/ccs,910
m84091_241209_213135_s3.hifi_reads.bc1003.fastq,4,0.744,m84091_241209_213135_s3/144772403/ccs,1330
m84091_241209_213135_s3.hifi_reads.bc1003.fastq,4,0.948,m84091_241209_213135_s3/188028632/ccs,2710
m84091_241209_213135_s3.hifi_reads.bc1003.fastq,4,0.930,m84091_241209_213135_s3/150279387/ccs,2110
m84091_241209_213135_s3.hifi_reads.bc1003.fastq,4,1.002,m84091_241209_213135_s3/158536242/ccs,1900
m84091_241209_213135_s3.hifi_reads.bc1003.fastq,4,0.918,m84091_241209_213135_s3/145428809/ccs,1810
m84091_241209_213135_s3.hifi_reads.bc1003.fastq,4,0.726,m84091_241209_213135_s3/187830944/ccs,4240
m84091_241209_213135_s3.hifi_reads.bc1003.fastq,4,1.002,m84091_241209_213135_s3/141563634/ccs,3640
m84091_241209_213135_s3.hifi_reads.bc1003.fastq,4,0.888,m84091_241209_213135_s3/195827144/ccs,1060
m84091_241209_213135_s3.hifi_reads.bc1003.fastq,4,0.876,m84091_241209_213135_s3/169676437/ccs,850
m84091_241209_213135_s3.hifi_reads.bc1003.fastq,4,0.876,m84091_241209_213135_s3/190451943/ccs,1150
m84091_241209_213135_s3.hifi_reads.bc1003.fastq,4,0.888,m84091_241209_213135_s3/148770781/ccs,880
m84091_241209_213135_s3.hifi_reads.bc1003.fastq,4,0.720,m84091_241209_213135_s3/179640100/ccs,1390
m84091_241209_213135_s3.hifi_reads.bc1003.fastq,4,0.822,m84091_241209_213135_s3/153031649/ccs,1930
m84091_241209_213135_s3.hifi_reads.bc1003.fastq,4,0.894,m84091_241209_213135_s3/148574307/ccs,910
m84091_241209_213135_s3.hifi_reads.bc1003.fastq,4,0.906,m84091_241209_213135_s3/186914596/ccs,910
m84091_241209_213135_s3.hifi_reads.bc1003.fastq,4,0.852,m84091_241209_213135_s3/169283950/ccs,1960
m84091_241209_233055_s4.hifi_reads.bc1003.fastq,4,0.882,m84091_241209_233055_s4/257363148/ccs,970
m84091_241209_233055_s4.hifi_reads.bc1003.fastq,4,0.978,m84091_241209_233055_s4/254282910/ccs,4780
m84091_241209_233055_s4.hifi_reads.bc1003.fastq,4,0.798,m84091_241209_233055_s4/254678850/ccs,1360
m84091_241209_233055_s4.hifi_reads.bc1003.fastq,4,0.912,m84091_241209_233055_s4/267391998/ccs,1210
m84091_241209_233055_s4.hifi_reads.bc1003.fastq,4,0.906,m84091_241209_233055_s4/9306410/ccs,3190
m84091_241209_233055_s4.hifi_reads.bc1003.fastq,4,0.948,m84091_241209_233055_s4/37290570/ccs,1060
m84091_241209_233055_s4.hifi_reads.bc1003.fastq,4,0.828,m84091_241209_233055_s4/16647473/ccs,880
m84091_241209_233055_s4.hifi_reads.bc1003.fastq,4,0.900,m84091_241209_233055_s4/63769585/ccs,1270
m84091_241209_233055_s4.hifi_reads.bc1003.fastq,4,0.834,m84091_241209_233055_s4/62783895/ccs,820
m84091_241209_233055_s4.hifi_reads.bc1003.fastq,4,0.702,m84091_241209_233055_s4/52364382/ccs,1090
m84091_241209_233055_s4.hifi_reads.bc1003.fastq,4,0.708,m84091_241209_233055_s4/51907372/ccs,1420
m84091_241209_233055_s4.hifi_reads.bc1003.fastq,4,0.882,m84091_241209_233055_s4/63375806/ccs,1390
m84091_241209_233055_s4.hifi_reads.bc1003.fastq,4,0.768,m84091_241209_233055_s4/64946247/ccs,1000
m84091_241209_233055_s4.hifi_reads.bc1003.fastq,4,0.714,m84091_241209_233055_s4/54984874/ccs,1390
m84091_241209_233055_s4.hifi_reads.bc1003.fastq,4,0.978,m84091_241209_233055_s4/47383726/ccs,6220
m84091_241209_233055_s4.hifi_reads.bc1003.fastq,4,0.972,m84091_241209_233055_s4/38862965/ccs,1060
m84091_241209_233055_s4.hifi_reads.bc1003.fastq,4,0.942,m84091_241209_233055_s4/21956217/ccs,2050
m84091_241209_233055_s4.hifi_reads.bc1003.fastq,4,0.810,m84091_241209_233055_s4/58654892/ccs,790
m84091_241209_233055_s4.hifi_reads.bc1003.fastq,4,0.978,m84091_241209_233055_s4/25559616/ccs,6970
m84091_241209_233055_s4.hifi_reads.bc1003.fastq,4,0.828,m84091_241209_233055_s4/31065913/ccs,1000
m84091_241209_233055_s4.hifi_reads.bc1003.fastq,4,0.954,m84091_241209_233055_s4/54527544/ccs,1060
m84091_241209_233055_s4.hifi_reads.bc1003.fastq,4,0.966,m84091_241209_233055_s4/67700724/ccs,5470
m84091_241209_233055_s4.hifi_reads.bc1003.fastq,4,0.990,m84091_241209_233055_s4/13502276/ccs,3730
m84091_241209_233055_s4.hifi_reads.bc1003.fastq,4,1.008,m84091_241209_233055_s4/51316609/ccs,3790
m84091_241209_233055_s4.hifi_reads.bc1003.fastq,4,0.714,m84091_241209_233055_s4/65996535/ccs,2110
m84091_241209_233055_s4.hifi_reads.bc1003.fastq,4,0.852,m84091_241209_233055_s4/17959298/ccs,610
m84091_241209_233055_s4.hifi_reads.bc1003.fastq,4,0.972,m84091_241209_233055_s4/13765491/ccs,4150
m84091_241209_233055_s4.hifi_reads.bc1003.fastq,4,1.068,m84091_241209_233055_s4/17763278/ccs,1150
m84091_241209_233055_s4.hifi_reads.bc1003.fastq,4,0.984,m84091_241209_233055_s4/32508171/ccs,1600
m84091_241209_233055_s4.hifi_reads.bc1003.fastq,4,0.936,m84091_241209_233055_s4/20580547/ccs,2920
m84091_241209_233055_s4.hifi_reads.bc1003.fastq,4,0.966,m84091_241209_233055_s4/56754335/ccs,3340
m84091_241209_233055_s4.hifi_reads.bc1003.fastq,4,0.990,m84091_241209_233055_s4/65077919/ccs,7540
m84091_241209_233055_s4.hifi_reads.bc1003.fastq,4,0.990,m84091_241209_233055_s4/82379901/ccs,5920
m84091_241209_233055_s4.hifi_reads.bc1003.fastq,4,0.738,m84091_241209_233055_s4/101189736/ccs,2170
m84091_241209_233055_s4.hifi_reads.bc1003.fastq,4,0.804,m84091_241209_233055_s4/79759142/ccs,730
m84091_241209_233055_s4.hifi_reads.bc1003.fastq,4,0.984,m84091_241209_233055_s4/75893620/ccs,2860
m84091_241209_233055_s4.hifi_reads.bc1003.fastq,4,1.032,m84091_241209_233055_s4/77858092/ccs,1270
m84091_241209_233055_s4.hifi_reads.bc1003.fastq,4,0.984,m84091_241209_233055_s4/81855640/ccs,1510
m84091_241209_233055_s4.hifi_reads.bc1003.fastq,4,0.708,m84091_241209_233055_s4/80348738/ccs,640
m84091_241209_233055_s4.hifi_reads.bc1003.fastq,4,0.930,m84091_241209_233055_s4/81397550/ccs,3340
m84091_241209_233055_s4.hifi_reads.bc1003.fastq,4,0.798,m84091_241209_233055_s4/92015273/ccs,760
m84091_241209_233055_s4.hifi_reads.bc1003.fastq,4,0.990,m84091_241209_233055_s4/93980589/ccs,4690
m84091_241209_233055_s4.hifi_reads.bc1003.fastq,4,0.978,m84091_241209_233055_s4/69665667/ccs,3130
m84091_241209_233055_s4.hifi_reads.bc1003.fastq,4,0.984,m84091_241209_233055_s4/85656294/ccs,3880
m84091_241209_233055_s4.hifi_reads.bc1003.fastq,4,0.708,m84091_241209_233055_s4/82119492/ccs,1240
m84091_241209_233055_s4.hifi_reads.bc1003.fastq,4,0.960,m84091_241209_233055_s4/108200984/ccs,7660
m84091_241209_233055_s4.hifi_reads.bc1003.fastq,4,0.996,m84091_241209_233055_s4/73664115/ccs,3220
m84091_241209_233055_s4.hifi_reads.bc1003.fastq,4,0.864,m84091_241209_233055_s4/99615884/ccs,1390
m84091_241209_233055_s4.hifi_reads.bc1003.fastq,4,0.738,m84091_241209_233055_s4/98304874/ccs,910
m84091_241209_233055_s4.hifi_reads.bc1003.fastq,4,1.002,m84091_241209_233055_s4/97126314/ccs,2290
m84091_241209_233055_s4.hifi_reads.bc1003.fastq,4,0.990,m84091_241209_233055_s4/83034703/ccs,2290
m84091_241209_233055_s4.hifi_reads.bc1003.fastq,4,0.846,m84091_241209_233055_s4/73074098/ccs,820
m84091_241209_233055_s4.hifi_reads.bc1003.fastq,4,0.792,m84091_241209_233055_s4/84279576/ccs,1750
m84091_241209_233055_s4.hifi_reads.bc1003.fastq,4,0.966,m84091_241209_233055_s4/101253121/ccs,910
m84091_241209_233055_s4.hifi_reads.bc1003.fastq,4,0.984,m84091_241209_233055_s4/77922770/ccs,3100
m84091_241209_233055_s4.hifi_reads.bc1003.fastq,4,0.954,m84091_241209_233055_s4/118227156/ccs,2260
m84091_241209_233055_s4.hifi_reads.bc1003.fastq,4,0.990,m84091_241209_233055_s4/124191033/ccs,5710
m84091_241209_233055_s4.hifi_reads.bc1003.fastq,4,0.714,m84091_241209_233055_s4/117442446/ccs,700
m84091_241209_233055_s4.hifi_reads.bc1003.fastq,4,0.996,m84091_241209_233055_s4/106301190/ccs,3460
m84091_241209_233055_s4.hifi_reads.bc1003.fastq,4,0.732,m84091_241209_233055_s4/154274328/ccs,1030
m84091_241209_233055_s4.hifi_reads.bc1003.fastq,4,0.996,m84091_241209_233055_s4/162136672/ccs,2140
m84091_241209_233055_s4.hifi_reads.bc1003.fastq,4,0.972,m84091_241209_233055_s4/159188302/ccs,2110
m84091_241209_233055_s4.hifi_reads.bc1003.fastq,4,0.924,m84091_241209_233055_s4/162728957/ccs,670
m84091_241209_233055_s4.hifi_reads.bc1003.fastq,4,0.702,m84091_241209_233055_s4/174589568/ccs,1060
m84091_241209_233055_s4.hifi_reads.bc1003.fastq,4,0.702,m84091_241209_233055_s4/144378378/ccs,1210
m84091_241209_233055_s4.hifi_reads.bc1003.fastq,4,0.954,m84091_241209_233055_s4/159581247/ccs,1810
m84091_241209_233055_s4.hifi_reads.bc1003.fastq,4,0.798,m84091_241209_233055_s4/166267848/ccs,1240
m84091_241209_233055_s4.hifi_reads.bc1003.fastq,4,1.026,m84091_241209_233055_s4/133564576/ccs,1180
m84091_241209_233055_s4.hifi_reads.bc1003.fastq,4,0.804,m84091_241209_233055_s4/147128844/ccs,670
m84091_241209_233055_s4.hifi_reads.bc1003.fastq,4,0.900,m84091_241209_233055_s4/198247360/ccs,2050
m84091_241209_233055_s4.hifi_reads.bc1003.fastq,4,0.738,m84091_241209_233055_s4/174850203/ccs,910
m84091_241209_233055_s4.hifi_reads.bc1003.fastq,4,0.936,m84091_241209_233055_s4/117244420/ccs,970
m84091_241209_233055_s4.hifi_reads.bc1003.fastq,4,0.984,m84091_241209_233055_s4/154797150/ccs,1510
m84091_241209_233055_s4.hifi_reads.bc1003.fastq,4,0.864,m84091_241209_233055_s4/191758719/ccs,970
m84091_241209_233055_s4.hifi_reads.bc1003.fastq,4,0.996,m84091_241209_233055_s4/152569696/ccs,5680
m84091_241209_233055_s4.hifi_reads.bc1003.fastq,4,0.900,m84091_241209_233055_s4/174326454/ccs,4330
m84091_241209_233055_s4.hifi_reads.bc1003.fastq,4,0.954,m84091_241209_233055_s4/145621294/ccs,4660
m84091_241209_233055_s4.hifi_reads.bc1003.fastq,4,0.786,m84091_241209_233055_s4/110821785/ccs,1030
m84091_241209_233055_s4.hifi_reads.bc1003.fastq,4,0.750,m84091_241209_233055_s4/181340824/ccs,1090
m84091_241209_233055_s4.hifi_reads.bc1003.fastq,4,1.002,m84091_241209_233055_s4/153551289/ccs,6070
m84091_241209_233055_s4.hifi_reads.bc1003.fastq,4,0.762,m84091_241209_233055_s4/135856323/ccs,820
m84091_241209_233055_s4.hifi_reads.bc1003.fastq,4,0.828,m84091_241209_233055_s4/195887518/ccs,1120
m84091_241209_233055_s4.hifi_reads.bc1003.fastq,4,0.774,m84091_241209_233055_s4/147391049/ccs,1450
m84091_241209_233055_s4.hifi_reads.bc1003.fastq,4,0.936,m84091_241209_233055_s4/186320491/ccs,3190
m84091_241209_233055_s4.hifi_reads.bc1003.fastq,4,0.756,m84091_241209_233055_s4/163708945/ccs,1030
m84091_241209_233055_s4.hifi_reads.bc1003.fastq,4,0.930,m84091_241209_233055_s4/141492358/ccs,1150
m84091_241209_233055_s4.hifi_reads.bc1003.fastq,4,0.996,m84091_241209_233055_s4/192022344/ccs,2590
m84091_241209_233055_s4.hifi_reads.bc1003.fastq,4,0.966,m84091_241209_233055_s4/127731790/ccs,5710
m84091_241209_233055_s4.hifi_reads.bc1003.fastq,4,0.984,m84091_241209_233055_s4/174785865/ccs,3550
m84091_241209_233055_s4.hifi_reads.bc1003.fastq,4,0.816,m84091_241209_233055_s4/241041996/ccs,790
m84091_241209_233055_s4.hifi_reads.bc1003.fastq,4,0.864,m84091_241209_233055_s4/202506871/ccs,1960
m84091_241209_233055_s4.hifi_reads.bc1003.fastq,4,1.242,m84091_241209_233055_s4/214499333/ccs,880
m84091_241209_233055_s4.hifi_reads.bc1003.fastq,4,0.714,m84091_241209_233055_s4/241828637/ccs,1210
m84091_241209_233055_s4.hifi_reads.bc1003.fastq,4,0.702,m84091_241209_233055_s4/202047809/ccs,850
m84091_241209_233055_s4.hifi_reads.bc1003.fastq,4,0.960,m84091_241209_233055_s4/176357628/ccs,4720
m84091_241209_233055_s4.hifi_reads.bc1003.fastq,4,0.948,m84091_241209_233055_s4/226885890/ccs,1030
m84091_241209_233055_s4.hifi_reads.bc1003.fastq,4,0.918,m84091_241209_233055_s4/211027507/ccs,1210
m84091_241209_233055_s4.hifi_reads.bc1003.fastq,4,0.816,m84091_241209_233055_s4/225250091/ccs,1210
m84091_241209_233055_s4.hifi_reads.bc1003.fastq,4,0.804,m84091_241209_233055_s4/235144674/ccs,1150
m84091_241209_233055_s4.hifi_reads.bc1003.fastq,4,0.978,m84091_241209_233055_s4/193725714/ccs,9220
m84091_241209_233055_s4.hifi_reads.bc1003.fastq,4,0.984,m84091_241209_233055_s4/240781424/ccs,1300
m84091_241209_233055_s4.hifi_reads.bc1003.fastq,4,0.918,m84091_241209_233055_s4/208142388/ccs,910
m84091_241209_233055_s4.hifi_reads.bc1003.fastq,4,0.864,m84091_241209_233055_s4/225380833/ccs,2560
m84091_241209_233055_s4.hifi_reads.bc1003.fastq,4,0.720,m84091_241209_233055_s4/210044082/ccs,1240
m84091_241209_233055_s4.hifi_reads.bc1003.fastq,4,0.954,m84091_241209_233055_s4/263848587/ccs,1930
m84091_241209_233055_s4.hifi_reads.bc1003.fastq,4,0.924,m84091_241209_233055_s4/177799992/ccs,3700
m84091_241209_233055_s4.hifi_reads.bc1003.fastq,4,0.990,m84091_241209_233055_s4/214172328/ccs,7390
m84091_241209_233055_s4.hifi_reads.bc1003.fastq,4,1.002,m84091_241209_233055_s4/263062347/ccs,6160
m84091_241209_233055_s4.hifi_reads.bc1003.fastq,4,0.996,m84091_241209_233055_s4/195166675/ccs,5260
m84091_241209_233055_s4.hifi_reads.bc1003.fastq,4,0.984,m84091_241209_233055_s4/220791030/ccs,3940
m84091_241209_233055_s4.hifi_reads.bc1003.fastq,4,0.978,m84091_241209_233055_s4/200149305/ccs,4030
m84091_241209_233055_s4.hifi_reads.bc1003.fastq,4,0.978,m84091_241209_233055_s4/202638154/ccs,3550
m84091_241209_233055_s4.hifi_reads.bc1003.fastq,4,0.984,m84091_241209_233055_s4/221118938/ccs,3550
m84091_241209_233055_s4.hifi_reads.bc1003.fastq,4,0.798,m84091_241209_233055_s4/224330360/ccs,910
m84091_241209_233055_s4.hifi_reads.bc1003.fastq,4,0.822,m84091_241209_233055_s4/189924420/ccs,970
m84091_241209_233055_s4.hifi_reads.bc1003.fastq,4,0.972,m84091_241209_233055_s4/225707976/ccs,4750
m84091_241209_233055_s4.hifi_reads.bc1003.fastq,4,0.786,m84091_241209_233055_s4/203162268/ccs,790
m84091_241209_233055_s4.hifi_reads.bc1003.fastq,4,0.912,m84091_241209_233055_s4/228394134/ccs,1390
m84091_241209_233055_s4.hifi_reads.bc1003.fastq,4,0.756,m84091_241209_233055_s4/193594760/ccs,1390
m84091_241209_233055_s4.hifi_reads.bc1003.fastq,4,0.780,m84091_241209_233055_s4/230165019/ccs,1000
m84091_241209_233055_s4.hifi_reads.bc1003.fastq,4,0.864,m84091_241209_233055_s4/221251590/ccs,940
m84091_241209_233055_s4.hifi_reads.bc1003.fastq,4,1.038,m84091_241209_233055_s4/243533083/ccs,1330
m84091_241209_233055_s4.hifi_reads.bc1003.fastq,4,0.750,m84091_241209_233055_s4/239076837/ccs,1090
m84091_241209_233055_s4.hifi_reads.bc1003.fastq,4,0.720,m84091_241209_233055_s4/254936276/ccs,1180
m84091_241209_233055_s4.hifi_reads.bc1003.fastq,4,0.708,m84091_241209_233055_s4/27858056/ccs,820
m84091_241209_233055_s4.hifi_reads.bc1003.fastq,4,0.990,m84091_241209_233055_s4/34738165/ccs,2080
m84091_241209_233055_s4.hifi_reads.bc1003.fastq,4,0.834,m84091_241209_233055_s4/39589263/ccs,940
m84091_241209_233055_s4.hifi_reads.bc1003.fastq,4,0.804,m84091_241209_233055_s4/3413200/ccs,1120
m84091_241209_233055_s4.hifi_reads.bc1003.fastq,4,0.942,m84091_241209_233055_s4/36573440/ccs,3340
m84091_241209_233055_s4.hifi_reads.bc1003.fastq,4,0.732,m84091_241209_233055_s4/14488951/ccs,940
m84091_241209_233055_s4.hifi_reads.bc1003.fastq,4,0.708,m84091_241209_233055_s4/244319948/ccs,1690
m84091_241209_233055_s4.hifi_reads.bc1003.fastq,4,0.756,m84091_241209_233055_s4/56038101/ccs,820
m84091_241209_233055_s4.hifi_reads.bc1003.fastq,4,1.020,m84091_241209_233055_s4/264439998/ccs,940
m84091_241209_233055_s4.hifi_reads.bc1003.fastq,4,0.990,m84091_241209_233055_s4/30543886/ccs,4420
m84091_241209_233055_s4.hifi_reads.bc1003.fastq,4,0.984,m84091_241209_233055_s4/256641577/ccs,5950
m84091_241209_233055_s4.hifi_reads.bc1003.fastq,4,0.996,m84091_241209_233055_s4/31003766/ccs,2050
m84091_241209_233055_s4.hifi_reads.bc1003.fastq,4,0.906,m84091_241209_233055_s4/252904784/ccs,880
m84091_241209_233055_s4.hifi_reads.bc1003.fastq,4,0.714,m84091_241209_233055_s4/35394551/ccs,1210
m84091_241209_233055_s4.hifi_reads.bc1003.fastq,4,0.744,m84091_241209_233055_s4/25562476/ccs,970
m84091_241209_233055_s4.hifi_reads.bc1003.fastq,4,0.888,m84091_241209_233055_s4/262800751/ccs,1810
m84091_241209_233055_s4.hifi_reads.bc1003.fastq,4,0.726,m84091_241209_233055_s4/16389866/ccs,1390
m84091_241209_233055_s4.hifi_reads.bc1003.fastq,4,0.960,m84091_241209_233055_s4/30938020/ccs,4420
m84091_241209_233055_s4.hifi_reads.bc1003.fastq,4,0.888,m84091_241209_233055_s4/25171212/ccs,1000
m84091_241209_233055_s4.hifi_reads.bc1003.fastq,4,0.972,m84091_241209_233055_s4/38606496/ccs,4450
m84091_241209_233055_s4.hifi_reads.bc1003.fastq,4,0.996,m84091_241209_233055_s4/11736496/ccs,4480
m84091_241209_233055_s4.hifi_reads.bc1003.fastq,4,0.936,m84091_241209_233055_s4/9703717/ccs,2410
m84091_241209_233055_s4.hifi_reads.bc1003.fastq,4,0.786,m84091_241209_233055_s4/49155899/ccs,700
m84091_241209_233055_s4.hifi_reads.bc1003.fastq,4,0.828,m84091_241209_233055_s4/73142353/ccs,1270
m84091_241209_233055_s4.hifi_reads.bc1003.fastq,4,0.744,m84091_241209_233055_s4/50728160/ccs,2470
m84091_241209_233055_s4.hifi_reads.bc1003.fastq,4,0.708,m84091_241209_233055_s4/89591319/ccs,1240
m84091_241209_233055_s4.hifi_reads.bc1003.fastq,4,0.726,m84091_241209_233055_s4/83366193/ccs,970
m84091_241209_233055_s4.hifi_reads.bc1003.fastq,4,0.996,m84091_241209_233055_s4/42341465/ccs,4420
m84091_241209_233055_s4.hifi_reads.bc1003.fastq,4,0.990,m84091_241209_233055_s4/113250253/ccs,4210
m84091_241209_233055_s4.hifi_reads.bc1003.fastq,4,1.002,m84091_241209_233055_s4/83498879/ccs,4270
m84091_241209_233055_s4.hifi_reads.bc1003.fastq,4,0.942,m84091_241209_233055_s4/107614092/ccs,1870
m84091_241209_233055_s4.hifi_reads.bc1003.fastq,4,0.894,m84091_241209_233055_s4/78058592/ccs,1990
m84091_241209_233055_s4.hifi_reads.bc1003.fastq,4,0.876,m84091_241209_233055_s4/60101791/ccs,1240
m84091_241209_233055_s4.hifi_reads.bc1003.fastq,4,0.966,m84091_241209_233055_s4/52696485/ccs,4300
m84091_241209_233055_s4.hifi_reads.bc1003.fastq,4,0.930,m84091_241209_233055_s4/49810685/ccs,3370
m84091_241209_233055_s4.hifi_reads.bc1003.fastq,4,0.708,m84091_241209_233055_s4/89265693/ccs,1840
m84091_241209_233055_s4.hifi_reads.bc1003.fastq,4,0.960,m84091_241209_233055_s4/112923754/ccs,5860
m84091_241209_233055_s4.hifi_reads.bc1003.fastq,4,0.990,m84091_241209_233055_s4/58396591/ccs,4390
m84091_241209_233055_s4.hifi_reads.bc1003.fastq,4,0.984,m84091_241209_233055_s4/81139276/ccs,4660
m84091_241209_233055_s4.hifi_reads.bc1003.fastq,4,0.732,m84091_241209_233055_s4/81269489/ccs,850
m84091_241209_233055_s4.hifi_reads.bc1003.fastq,4,0.744,m84091_241209_233055_s4/50204180/ccs,1210
m84091_241209_233055_s4.hifi_reads.bc1003.fastq,4,0.984,m84091_241209_233055_s4/100536106/ccs,7300
m84091_241209_233055_s4.hifi_reads.bc1003.fastq,4,0.750,m84091_241209_233055_s4/109975042/ccs,910
m84091_241209_233055_s4.hifi_reads.bc1003.fastq,4,0.738,m84091_241209_233055_s4/156505322/ccs,1540
m84091_241209_233055_s4.hifi_reads.bc1003.fastq,4,0.732,m84091_241209_233055_s4/159388783/ccs,790
m84091_241209_233055_s4.hifi_reads.bc1003.fastq,4,0.996,m84091_241209_233055_s4/166661690/ccs,6370
m84091_241209_233055_s4.hifi_reads.bc1003.fastq,4,0.702,m84091_241209_233055_s4/110630617/ccs,1690
m84091_241209_233055_s4.hifi_reads.bc1003.fastq,4,0.816,m84091_241209_233055_s4/139595484/ccs,1270
m84091_241209_233055_s4.hifi_reads.bc1003.fastq,4,1.002,m84091_241209_233055_s4/140840854/ccs,1150
m84091_241209_233055_s4.hifi_reads.bc1003.fastq,4,0.984,m84091_241209_233055_s4/110563198/ccs,4000
m84091_241209_233055_s4.hifi_reads.bc1003.fastq,4,0.894,m84091_241209_233055_s4/133370450/ccs,1420
m84091_241209_233055_s4.hifi_reads.bc1003.fastq,4,0.966,m84091_241209_233055_s4/173936573/ccs,2470
m84091_241209_233055_s4.hifi_reads.bc1003.fastq,4,0.978,m84091_241209_233055_s4/140908030/ccs,2170
m84091_241209_233055_s4.hifi_reads.bc1003.fastq,4,0.876,m84091_241209_233055_s4/160960029/ccs,1060
m84091_241209_233055_s4.hifi_reads.bc1003.fastq,4,0.978,m84091_241209_233055_s4/159649237/ccs,2140
m84091_241209_233055_s4.hifi_reads.bc1003.fastq,4,0.990,m84091_241209_233055_s4/170922613/ccs,3400
m84091_241209_233055_s4.hifi_reads.bc1003.fastq,4,0.810,m84091_241209_233055_s4/133042667/ccs,2140
m84091_241209_233055_s4.hifi_reads.bc1003.fastq,4,0.996,m84091_241209_233055_s4/152311517/ccs,4060
m84091_241209_233055_s4.hifi_reads.bc1003.fastq,4,0.990,m84091_241209_233055_s4/168824359/ccs,5650
m84091_241209_233055_s4.hifi_reads.bc1003.fastq,4,0.978,m84091_241209_233055_s4/127407254/ccs,3970
m84091_241209_233055_s4.hifi_reads.bc1003.fastq,4,0.954,m84091_241209_233055_s4/142088069/ccs,940
m84091_241209_233055_s4.hifi_reads.bc1003.fastq,4,0.888,m84091_241209_233055_s4/160304548/ccs,1240
m84091_241209_233055_s4.hifi_reads.bc1003.fastq,4,0.930,m84091_241209_233055_s4/124391349/ccs,1900
m84091_241209_233055_s4.hifi_reads.bc1003.fastq,4,0.906,m84091_241209_233055_s4/180097440/ccs,1600
m84091_241209_233055_s4.hifi_reads.bc1003.fastq,4,0.816,m84091_241209_233055_s4/156636003/ccs,1450
m84091_241209_233055_s4.hifi_reads.bc1003.fastq,4,0.966,m84091_241209_233055_s4/165287036/ccs,1120
m84091_241209_233055_s4.hifi_reads.bc1003.fastq,4,0.972,m84091_241209_233055_s4/130486160/ccs,1780
m84091_241209_233055_s4.hifi_reads.bc1003.fastq,4,0.894,m84091_241209_233055_s4/125768105/ccs,2110
m84091_241209_233055_s4.hifi_reads.bc1003.fastq,4,0.996,m84091_241209_233055_s4/196286025/ccs,1690
m84091_241209_233055_s4.hifi_reads.bc1003.fastq,4,0.978,m84091_241209_233055_s4/125768280/ccs,4000
m84091_241209_233055_s4.hifi_reads.bc1003.fastq,4,0.990,m84091_241209_233055_s4/137694247/ccs,6100
m84091_241209_233055_s4.hifi_reads.bc1003.fastq,4,0.990,m84091_241209_233055_s4/213718053/ccs,2680
m84091_241209_233055_s4.hifi_reads.bc1003.fastq,4,0.840,m84091_241209_233055_s4/176952700/ccs,1360
m84091_241209_233055_s4.hifi_reads.bc1003.fastq,4,0.702,m84091_241209_233055_s4/224203227/ccs,1180
m84091_241209_233055_s4.hifi_reads.bc1003.fastq,4,0.972,m84091_241209_233055_s4/204412738/ccs,5890
m84091_241209_233055_s4.hifi_reads.bc1003.fastq,4,0.834,m84091_241209_233055_s4/186258536/ccs,790
m84091_241209_233055_s4.hifi_reads.bc1003.fastq,4,1.008,m84091_241209_233055_s4/205852039/ccs,2620
m84091_241209_233055_s4.hifi_reads.bc1003.fastq,4,0.972,m84091_241209_233055_s4/240064089/ccs,2740
m84091_241209_233055_s4.hifi_reads.bc1003.fastq,4,0.762,m84091_241209_233055_s4/241177034/ccs,2140
m84091_241209_233055_s4.hifi_reads.bc1003.fastq,4,0.750,m84091_241209_233055_s4/202641057/ccs,1060
m84091_241209_233055_s4.hifi_reads.bc1003.fastq,4,0.792,m84091_241209_233055_s4/182523007/ccs,850
m84091_241209_233055_s4.hifi_reads.bc1003.fastq,4,0.726,m84091_241209_233055_s4/192288051/ccs,1450
m84091_241209_233055_s4.hifi_reads.bc1003.fastq,4,0.936,m84091_241209_233055_s4/229576887/ccs,7210
m84091_241209_233055_s4.hifi_reads.bc1003.fastq,4,0.996,m84091_241209_233055_s4/185405470/ccs,5710
m84091_241209_233055_s4.hifi_reads.bc1003.fastq,4,0.966,m84091_241209_233055_s4/224466711/ccs,4150
m84091_241209_233055_s4.hifi_reads.bc1003.fastq,4,0.984,m84091_241209_233055_s4/207229566/ccs,4300
m84091_241209_233055_s4.hifi_reads.bc1003.fastq,4,0.792,m84091_241209_233055_s4/231804963/ccs,820
m84091_241209_233055_s4.hifi_reads.bc1003.fastq,4,0.732,m84091_241209_233055_s4/214242433/ccs,1360
m84091_241209_233055_s4.hifi_reads.bc1003.fastq,4,0.732,m84091_241209_233055_s4/195366321/ccs,1330
m84091_241209_233055_s4.hifi_reads.bc1003.fastq,4,0.864,m84091_241209_233055_s4/214175376/ccs,2260
m84091_241209_233055_s4.hifi_reads.bc1003.fastq,4,0.780,m84091_241209_233055_s4/214699309/ccs,1090
m84091_241209_233055_s4.hifi_reads.bc1003.fastq,4,0.996,m84091_241209_233055_s4/197791140/ccs,4840
m84091_241209_233055_s4.hifi_reads.bc1003.fastq,4,0.936,m84091_241209_233055_s4/206114383/ccs,2680
m84091_241209_233055_s4.hifi_reads.bc1003.fastq,4,0.942,m84091_241209_233055_s4/199494937/ccs,970
m84091_241209_233055_s4.hifi_reads.bc1003.fastq,4,0.990,m84091_241209_233055_s4/230166802/ccs,7990
m84091_241209_233055_s4.hifi_reads.bc1003.fastq,4,0.996,m84091_241209_233055_s4/187242244/ccs,3160
m84091_241209_233055_s4.hifi_reads.bc1003.fastq,4,0.984,m84091_241209_233055_s4/209325637/ccs,2740
m84091_241209_233055_s4.hifi_reads.bc1003.fastq,4,0.906,m84091_241209_233055_s4/215749596/ccs,2140
m84091_241209_233055_s4.hifi_reads.bc1003.fastq,4,0.990,m84091_241209_233055_s4/230757344/ccs,2230
m84091_241209_233055_s4.hifi_reads.bc1003.fastq,4,0.756,m84091_241209_233055_s4/263196032/ccs,820
m84091_241209_233055_s4.hifi_reads.bc1003.fastq,4,1.002,m84091_241209_233055_s4/195433417/ccs,4180
m84091_241209_233055_s4.hifi_reads.bc1003.fastq,4,0.882,m84091_241209_233055_s4/188682113/ccs,1330
